/*
Navicat MySQL Data Transfer

Source Server         : 一宠
Source Server Version : 50728
Source Host           : 39.100.255.124:3516
Source Database       : pet

Target Server Type    : MYSQL
Target Server Version : 50728
File Encoding         : 65001

Date: 2020-02-07 17:41:40
*/

SET FOREIGN_KEY_CHECKS=0;

-- ----------------------------
-- Table structure for chat_message
-- ----------------------------
DROP TABLE IF EXISTS `chat_message`;
CREATE TABLE `chat_message` (
  `id` int(11) NOT NULL AUTO_INCREMENT,
  `send_open_id` varchar(50) DEFAULT NULL,
  `receiver_open_id` varchar(50) DEFAULT NULL,
  `chat_id` varchar(50) DEFAULT NULL,
  `content` varchar(500) DEFAULT NULL,
  `is_send` int(1) DEFAULT NULL,
  `type` varchar(10) DEFAULT NULL,
  `create_time` datetime DEFAULT NULL,
  PRIMARY KEY (`id`)
) ENGINE=InnoDB DEFAULT CHARSET=utf8mb4;

-- ----------------------------
-- Records of chat_message
-- ----------------------------

-- ----------------------------
-- Table structure for continue_sign_day
-- ----------------------------
DROP TABLE IF EXISTS `continue_sign_day`;
CREATE TABLE `continue_sign_day` (
  `id` int(50) NOT NULL AUTO_INCREMENT,
  `open_id` varchar(50) COLLATE utf8mb4_unicode_ci DEFAULT NULL,
  `continue_sign_day` int(10) DEFAULT NULL,
  `creat_time` datetime DEFAULT NULL,
  PRIMARY KEY (`id`)
) ENGINE=InnoDB AUTO_INCREMENT=2 DEFAULT CHARSET=utf8mb4 COLLATE=utf8mb4_unicode_ci;

-- ----------------------------
-- Records of continue_sign_day
-- ----------------------------
INSERT INTO `continue_sign_day` VALUES ('1', 'otIY-5cD9gLRavSgWF_YIS1sCpAY', '10', '2020-02-05 03:04:35');

-- ----------------------------
-- Table structure for coupons
-- ----------------------------
DROP TABLE IF EXISTS `coupons`;
CREATE TABLE `coupons` (
  `id` int(11) NOT NULL AUTO_INCREMENT,
  `coupons_title` varchar(10) DEFAULT NULL,
  `coupons_price` decimal(5,0) DEFAULT NULL,
  `coupons_condition` varchar(20) DEFAULT NULL,
  `coupons_vaild_day` int(5) DEFAULT NULL,
  `valid_start_time` datetime DEFAULT NULL,
  `valid_end_time` datetime DEFAULT NULL,
  `stock` int(5) DEFAULT NULL,
  `create_time` datetime DEFAULT NULL,
  `coupons_type` varchar(255) DEFAULT NULL,
  PRIMARY KEY (`id`)
) ENGINE=InnoDB AUTO_INCREMENT=6 DEFAULT CHARSET=utf8;

-- ----------------------------
-- Records of coupons
-- ----------------------------
INSERT INTO `coupons` VALUES ('1', '优惠券', '1000', '2000', '30', '2019-10-11 14:22:00', null, '10', '2019-10-18 16:37:49', '1');
INSERT INTO `coupons` VALUES ('2', '猫粮优惠券', '200', '300', '20', '2019-10-18 14:22:24', null, '20', '2019-10-18 16:37:53', '1');
INSERT INTO `coupons` VALUES ('3', '狗粮优惠券', '200', '400', '10', '2019-10-23 14:22:51', null, '20', '2019-10-18 16:37:56', '1');
INSERT INTO `coupons` VALUES ('4', '家庭寄养50元优惠券', '50', '200', '10', '2020-01-01 14:08:25', '2020-03-01 14:08:39', '100', '2020-02-03 14:08:37', '2');
INSERT INTO `coupons` VALUES ('5', '上门服务10元优惠券', '10', '100', '10', '2020-02-03 14:09:29', '2020-03-01 14:09:35', '100', '2020-02-03 14:09:33', '3');

-- ----------------------------
-- Table structure for credit_record
-- ----------------------------
DROP TABLE IF EXISTS `credit_record`;
CREATE TABLE `credit_record` (
  `id` int(50) NOT NULL,
  `open_id` varchar(50) DEFAULT NULL,
  `credit_title` varchar(255) DEFAULT NULL,
  `credit_score` int(50) DEFAULT NULL,
  `credit_desc` varchar(255) DEFAULT NULL,
  `type` int(2) DEFAULT '0',
  `proposals_id` int(50) DEFAULT NULL,
  `is_verify` int(1) DEFAULT NULL,
  `create_time` datetime DEFAULT NULL,
  PRIMARY KEY (`id`)
) ENGINE=InnoDB DEFAULT CHARSET=utf8mb4;

-- ----------------------------
-- Records of credit_record
-- ----------------------------

-- ----------------------------
-- Table structure for feed_sync_location
-- ----------------------------
DROP TABLE IF EXISTS `feed_sync_location`;
CREATE TABLE `feed_sync_location` (
  `id` int(11) NOT NULL AUTO_INCREMENT,
  `feed_topic_id` int(11) DEFAULT NULL,
  `latitude` varchar(20) DEFAULT NULL,
  `longitude` varchar(20) DEFAULT NULL,
  `receiver_open_id` varchar(50) DEFAULT NULL,
  `publish_open_id` varchar(50) DEFAULT NULL,
  `create_time` datetime DEFAULT NULL,
  PRIMARY KEY (`id`)
) ENGINE=InnoDB AUTO_INCREMENT=340 DEFAULT CHARSET=utf8mb4;

-- ----------------------------
-- Records of feed_sync_location
-- ----------------------------
INSERT INTO `feed_sync_location` VALUES ('101', '46', '32.039845106336806', '118.87384060329862', 'otIY-5cD9gLRavSgWF_YIS1sCpAY', 'otIY-5ZgfU3y01vlHpuIqatY2G08', '2020-01-06 18:50:21');
INSERT INTO `feed_sync_location` VALUES ('102', '46', '32.039845106336806', '118.87384060329862', 'otIY-5cD9gLRavSgWF_YIS1sCpAY', 'otIY-5ZgfU3y01vlHpuIqatY2G08', '2020-01-15 18:50:24');
INSERT INTO `feed_sync_location` VALUES ('103', '46', '32.03985405815972', '118.87383572048611', 'otIY-5cD9gLRavSgWF_YIS1sCpAY', 'otIY-5ZgfU3y01vlHpuIqatY2G08', '2020-01-06 18:50:31');
INSERT INTO `feed_sync_location` VALUES ('104', '46', '32.03985405815972', '118.87383572048611', 'otIY-5cD9gLRavSgWF_YIS1sCpAY', 'otIY-5ZgfU3y01vlHpuIqatY2G08', '2020-01-06 22:50:33');
INSERT INTO `feed_sync_location` VALUES ('105', '46', '32.03981608072917', '118.87387071397569', 'otIY-5cD9gLRavSgWF_YIS1sCpAY', 'otIY-5ZgfU3y01vlHpuIqatY2G08', '2020-01-06 12:50:37');
INSERT INTO `feed_sync_location` VALUES ('106', '46', '32.03981608072917', '118.87387071397569', 'otIY-5cD9gLRavSgWF_YIS1sCpAY', 'otIY-5ZgfU3y01vlHpuIqatY2G08', '2020-01-06 21:50:41');
INSERT INTO `feed_sync_location` VALUES ('107', '66', '32.03982720269097', '118.87392740885417', 'otIY-5ZgfU3y01vlHpuIqatY2G08', 'otIY-5cD9gLRavSgWF_YIS1sCpAY', '2020-01-06 19:33:01');
INSERT INTO `feed_sync_location` VALUES ('108', '66', '32.03982720269097', '118.87392740885417', 'otIY-5ZgfU3y01vlHpuIqatY2G08', 'otIY-5cD9gLRavSgWF_YIS1sCpAY', '2020-01-06 19:33:21');
INSERT INTO `feed_sync_location` VALUES ('109', '43', '32.03984809027778', '118.8707630750868', 'otIY-5cD9gLRavSgWF_YIS1sCpAY', 'otIY-5UYqY6dFhhMhvaDsTQXwnfo', '2020-01-06 19:45:39');
INSERT INTO `feed_sync_location` VALUES ('110', '43', '32.039783257378474', '118.87068793402777', 'otIY-5cD9gLRavSgWF_YIS1sCpAY', 'otIY-5UYqY6dFhhMhvaDsTQXwnfo', '2020-01-06 19:45:49');
INSERT INTO `feed_sync_location` VALUES ('111', '43', '32.03973524305555', '118.87060438368056', 'otIY-5cD9gLRavSgWF_YIS1sCpAY', 'otIY-5UYqY6dFhhMhvaDsTQXwnfo', '2020-01-06 19:45:59');
INSERT INTO `feed_sync_location` VALUES ('112', '43', '32.03968532986111', '118.8705091688368', 'otIY-5cD9gLRavSgWF_YIS1sCpAY', 'otIY-5UYqY6dFhhMhvaDsTQXwnfo', '2020-01-06 19:46:08');
INSERT INTO `feed_sync_location` VALUES ('113', '43', '32.03964029947917', '118.8704345703125', 'otIY-5cD9gLRavSgWF_YIS1sCpAY', 'otIY-5UYqY6dFhhMhvaDsTQXwnfo', '2020-01-06 19:46:18');
INSERT INTO `feed_sync_location` VALUES ('114', '43', '32.03955864800347', '118.87034261067708', 'otIY-5cD9gLRavSgWF_YIS1sCpAY', 'otIY-5UYqY6dFhhMhvaDsTQXwnfo', '2020-01-06 19:46:28');
INSERT INTO `feed_sync_location` VALUES ('115', '43', '32.03951063368056', '118.87028293185764', 'otIY-5cD9gLRavSgWF_YIS1sCpAY', 'otIY-5UYqY6dFhhMhvaDsTQXwnfo', '2020-01-06 19:46:38');
INSERT INTO `feed_sync_location` VALUES ('116', '43', '32.039462890625', '118.87019585503472', 'otIY-5cD9gLRavSgWF_YIS1sCpAY', 'otIY-5UYqY6dFhhMhvaDsTQXwnfo', '2020-01-06 19:46:48');
INSERT INTO `feed_sync_location` VALUES ('117', '43', '32.03941297743056', '118.8701109483507', 'otIY-5cD9gLRavSgWF_YIS1sCpAY', 'otIY-5UYqY6dFhhMhvaDsTQXwnfo', '2020-01-06 19:46:58');
INSERT INTO `feed_sync_location` VALUES ('118', '43', '32.039347330729164', '118.87003716362847', 'otIY-5cD9gLRavSgWF_YIS1sCpAY', 'otIY-5UYqY6dFhhMhvaDsTQXwnfo', '2020-01-06 19:47:08');
INSERT INTO `feed_sync_location` VALUES ('119', '43', '32.039288194444445', '118.8699400499132', 'otIY-5cD9gLRavSgWF_YIS1sCpAY', 'otIY-5UYqY6dFhhMhvaDsTQXwnfo', '2020-01-06 19:47:18');
INSERT INTO `feed_sync_location` VALUES ('120', '43', '32.03922444661458', '118.86986626519098', 'otIY-5cD9gLRavSgWF_YIS1sCpAY', 'otIY-5UYqY6dFhhMhvaDsTQXwnfo', '2020-01-06 19:47:28');
INSERT INTO `feed_sync_location` VALUES ('121', '43', '32.03917561848959', '118.86975341796875', 'otIY-5cD9gLRavSgWF_YIS1sCpAY', 'otIY-5UYqY6dFhhMhvaDsTQXwnfo', '2020-01-06 19:47:38');
INSERT INTO `feed_sync_location` VALUES ('122', '43', '32.03910590277778', '118.86967963324653', 'otIY-5cD9gLRavSgWF_YIS1sCpAY', 'otIY-5UYqY6dFhhMhvaDsTQXwnfo', '2020-01-06 19:47:48');
INSERT INTO `feed_sync_location` VALUES ('123', '43', '32.03901774088542', '118.86959255642361', 'otIY-5cD9gLRavSgWF_YIS1sCpAY', 'otIY-5UYqY6dFhhMhvaDsTQXwnfo', '2020-01-06 19:47:58');
INSERT INTO `feed_sync_location` VALUES ('124', '43', '32.03897705078125', '118.86950493706597', 'otIY-5cD9gLRavSgWF_YIS1sCpAY', 'otIY-5UYqY6dFhhMhvaDsTQXwnfo', '2020-01-06 19:48:08');
INSERT INTO `feed_sync_location` VALUES ('125', '43', '32.03892605251736', '118.86950792100694', 'otIY-5cD9gLRavSgWF_YIS1sCpAY', 'otIY-5UYqY6dFhhMhvaDsTQXwnfo', '2020-01-06 19:48:18');
INSERT INTO `feed_sync_location` VALUES ('126', '43', '32.038944769965276', '118.86953857421875', 'otIY-5cD9gLRavSgWF_YIS1sCpAY', 'otIY-5UYqY6dFhhMhvaDsTQXwnfo', '2020-01-06 19:48:28');
INSERT INTO `feed_sync_location` VALUES ('127', '43', '32.03894097222222', '118.86949788411458', 'otIY-5cD9gLRavSgWF_YIS1sCpAY', 'otIY-5UYqY6dFhhMhvaDsTQXwnfo', '2020-01-06 19:48:38');
INSERT INTO `feed_sync_location` VALUES ('128', '43', '32.038968098958335', '118.8693492296007', 'otIY-5cD9gLRavSgWF_YIS1sCpAY', 'otIY-5UYqY6dFhhMhvaDsTQXwnfo', '2020-01-06 19:48:48');
INSERT INTO `feed_sync_location` VALUES ('129', '43', '32.03902235243056', '118.86917751736111', 'otIY-5cD9gLRavSgWF_YIS1sCpAY', 'otIY-5UYqY6dFhhMhvaDsTQXwnfo', '2020-01-06 19:48:58');
INSERT INTO `feed_sync_location` VALUES ('130', '43', '32.039075249565975', '118.86920925564236', 'otIY-5cD9gLRavSgWF_YIS1sCpAY', 'otIY-5UYqY6dFhhMhvaDsTQXwnfo', '2020-01-06 19:49:15');
INSERT INTO `feed_sync_location` VALUES ('131', '43', '32.039080946180555', '118.86884467230902', 'otIY-5cD9gLRavSgWF_YIS1sCpAY', 'otIY-5UYqY6dFhhMhvaDsTQXwnfo', '2020-01-06 19:49:35');
INSERT INTO `feed_sync_location` VALUES ('132', '43', '32.039080946180555', '118.86884467230902', 'otIY-5cD9gLRavSgWF_YIS1sCpAY', 'otIY-5UYqY6dFhhMhvaDsTQXwnfo', '2020-01-06 19:49:55');
INSERT INTO `feed_sync_location` VALUES ('133', '43', '32.039080946180555', '118.86884467230902', 'otIY-5cD9gLRavSgWF_YIS1sCpAY', 'otIY-5UYqY6dFhhMhvaDsTQXwnfo', '2020-01-06 19:50:15');
INSERT INTO `feed_sync_location` VALUES ('134', '43', '32.039080946180555', '118.86884467230902', 'otIY-5cD9gLRavSgWF_YIS1sCpAY', 'otIY-5UYqY6dFhhMhvaDsTQXwnfo', '2020-01-06 19:50:35');
INSERT INTO `feed_sync_location` VALUES ('135', '43', '32.039080946180555', '118.86884467230902', 'otIY-5cD9gLRavSgWF_YIS1sCpAY', 'otIY-5UYqY6dFhhMhvaDsTQXwnfo', '2020-01-06 19:50:55');
INSERT INTO `feed_sync_location` VALUES ('136', '43', '32.03955973307291', '118.8694580078125', 'otIY-5cD9gLRavSgWF_YIS1sCpAY', 'otIY-5UYqY6dFhhMhvaDsTQXwnfo', '2020-01-06 19:51:15');
INSERT INTO `feed_sync_location` VALUES ('137', '43', '32.03913275824653', '118.86879909939236', 'otIY-5cD9gLRavSgWF_YIS1sCpAY', 'otIY-5UYqY6dFhhMhvaDsTQXwnfo', '2020-01-06 19:51:35');
INSERT INTO `feed_sync_location` VALUES ('138', '43', '32.03913275824653', '118.86879909939236', 'otIY-5cD9gLRavSgWF_YIS1sCpAY', 'otIY-5UYqY6dFhhMhvaDsTQXwnfo', '2020-01-06 19:51:55');
INSERT INTO `feed_sync_location` VALUES ('139', '43', '32.0393226453993', '118.86907335069445', 'otIY-5cD9gLRavSgWF_YIS1sCpAY', 'otIY-5UYqY6dFhhMhvaDsTQXwnfo', '2020-01-06 19:52:15');
INSERT INTO `feed_sync_location` VALUES ('140', '43', '32.03915283203125', '118.86882405598958', 'otIY-5cD9gLRavSgWF_YIS1sCpAY', 'otIY-5UYqY6dFhhMhvaDsTQXwnfo', '2020-01-06 19:52:35');
INSERT INTO `feed_sync_location` VALUES ('141', '43', '32.03915283203125', '118.86882405598958', 'otIY-5cD9gLRavSgWF_YIS1sCpAY', 'otIY-5UYqY6dFhhMhvaDsTQXwnfo', '2020-01-06 19:52:55');
INSERT INTO `feed_sync_location` VALUES ('142', '43', '32.03917778862847', '118.86886067708333', 'otIY-5cD9gLRavSgWF_YIS1sCpAY', 'otIY-5UYqY6dFhhMhvaDsTQXwnfo', '2020-01-06 19:53:13');
INSERT INTO `feed_sync_location` VALUES ('143', '43', '32.039228515625', '118.86894287109375', 'otIY-5cD9gLRavSgWF_YIS1sCpAY', 'otIY-5UYqY6dFhhMhvaDsTQXwnfo', '2020-01-06 19:53:33');
INSERT INTO `feed_sync_location` VALUES ('144', '46', '32.03553738064236', '118.85844401041666', 'otIY-5cD9gLRavSgWF_YIS1sCpAY', 'otIY-5ZgfU3y01vlHpuIqatY2G08', '2020-01-06 19:56:23');
INSERT INTO `feed_sync_location` VALUES ('145', '46', '32.03553738064236', '118.85844401041666', 'otIY-5cD9gLRavSgWF_YIS1sCpAY', 'otIY-5ZgfU3y01vlHpuIqatY2G08', '2020-01-06 19:56:43');
INSERT INTO `feed_sync_location` VALUES ('146', '46', '32.03534423828125', '118.85868191189236', 'otIY-5cD9gLRavSgWF_YIS1sCpAY', 'otIY-5ZgfU3y01vlHpuIqatY2G08', '2020-01-06 19:57:03');
INSERT INTO `feed_sync_location` VALUES ('147', '46', '32.037542317708336', '118.84840874565973', 'otIY-5cD9gLRavSgWF_YIS1sCpAY', 'otIY-5ZgfU3y01vlHpuIqatY2G08', '2020-01-06 19:57:23');
INSERT INTO `feed_sync_location` VALUES ('148', '46', '32.0397998046875', '118.87396755642361', 'otIY-5cD9gLRavSgWF_YIS1sCpAY', 'otIY-5ZgfU3y01vlHpuIqatY2G08', '2020-01-07 17:55:05');
INSERT INTO `feed_sync_location` VALUES ('149', '46', '32.0397998046875', '118.87396755642361', 'otIY-5cD9gLRavSgWF_YIS1sCpAY', 'otIY-5ZgfU3y01vlHpuIqatY2G08', '2020-01-07 17:55:15');
INSERT INTO `feed_sync_location` VALUES ('150', '46', '32.0397998046875', '118.87396755642361', 'otIY-5cD9gLRavSgWF_YIS1sCpAY', 'otIY-5ZgfU3y01vlHpuIqatY2G08', '2020-01-07 17:55:25');
INSERT INTO `feed_sync_location` VALUES ('151', '46', '32.0397998046875', '118.87396755642361', 'otIY-5cD9gLRavSgWF_YIS1sCpAY', 'otIY-5ZgfU3y01vlHpuIqatY2G08', '2020-01-07 17:55:35');
INSERT INTO `feed_sync_location` VALUES ('152', '46', '32.03985405815972', '118.8738197157118', 'otIY-5cD9gLRavSgWF_YIS1sCpAY', 'otIY-5ZgfU3y01vlHpuIqatY2G08', '2020-01-07 17:55:45');
INSERT INTO `feed_sync_location` VALUES ('153', '46', '32.03985405815972', '118.8738197157118', 'otIY-5cD9gLRavSgWF_YIS1sCpAY', 'otIY-5ZgfU3y01vlHpuIqatY2G08', '2020-01-07 17:55:55');
INSERT INTO `feed_sync_location` VALUES ('154', '46', '32.03985405815972', '118.8738197157118', 'otIY-5cD9gLRavSgWF_YIS1sCpAY', 'otIY-5ZgfU3y01vlHpuIqatY2G08', '2020-01-07 17:56:05');
INSERT INTO `feed_sync_location` VALUES ('155', '46', '32.03985405815972', '118.8738197157118', 'otIY-5cD9gLRavSgWF_YIS1sCpAY', 'otIY-5ZgfU3y01vlHpuIqatY2G08', '2020-01-07 17:56:15');
INSERT INTO `feed_sync_location` VALUES ('156', '46', '32.03986599392361', '118.87380859375', 'otIY-5cD9gLRavSgWF_YIS1sCpAY', 'otIY-5ZgfU3y01vlHpuIqatY2G08', '2020-01-07 17:56:25');
INSERT INTO `feed_sync_location` VALUES ('157', '46', '32.03986599392361', '118.87380859375', 'otIY-5cD9gLRavSgWF_YIS1sCpAY', 'otIY-5ZgfU3y01vlHpuIqatY2G08', '2020-01-07 17:56:35');
INSERT INTO `feed_sync_location` VALUES ('158', '46', '32.03986599392361', '118.87380859375', 'otIY-5cD9gLRavSgWF_YIS1sCpAY', 'otIY-5ZgfU3y01vlHpuIqatY2G08', '2020-01-07 17:56:45');
INSERT INTO `feed_sync_location` VALUES ('159', '46', '32.03986599392361', '118.87380859375', 'otIY-5cD9gLRavSgWF_YIS1sCpAY', 'otIY-5ZgfU3y01vlHpuIqatY2G08', '2020-01-07 17:56:55');
INSERT INTO `feed_sync_location` VALUES ('160', '46', '32.03986599392361', '118.87380859375', 'otIY-5cD9gLRavSgWF_YIS1sCpAY', 'otIY-5ZgfU3y01vlHpuIqatY2G08', '2020-01-07 17:57:05');
INSERT INTO `feed_sync_location` VALUES ('161', '46', '32.03986599392361', '118.87380859375', 'otIY-5cD9gLRavSgWF_YIS1sCpAY', 'otIY-5ZgfU3y01vlHpuIqatY2G08', '2020-01-07 17:57:15');
INSERT INTO `feed_sync_location` VALUES ('162', '46', '32.03986599392361', '118.87380859375', 'otIY-5cD9gLRavSgWF_YIS1sCpAY', 'otIY-5ZgfU3y01vlHpuIqatY2G08', '2020-01-07 17:57:25');
INSERT INTO `feed_sync_location` VALUES ('163', '46', '32.03986599392361', '118.87380859375', 'otIY-5cD9gLRavSgWF_YIS1sCpAY', 'otIY-5ZgfU3y01vlHpuIqatY2G08', '2020-01-07 17:57:35');
INSERT INTO `feed_sync_location` VALUES ('164', '46', '32.03986599392361', '118.87380859375', 'otIY-5cD9gLRavSgWF_YIS1sCpAY', 'otIY-5ZgfU3y01vlHpuIqatY2G08', '2020-01-07 17:57:45');
INSERT INTO `feed_sync_location` VALUES ('165', '46', '32.03986599392361', '118.87380859375', 'otIY-5cD9gLRavSgWF_YIS1sCpAY', 'otIY-5ZgfU3y01vlHpuIqatY2G08', '2020-01-07 17:57:55');
INSERT INTO `feed_sync_location` VALUES ('166', '46', '32.03986599392361', '118.87380859375', 'otIY-5cD9gLRavSgWF_YIS1sCpAY', 'otIY-5ZgfU3y01vlHpuIqatY2G08', '2020-01-07 17:58:05');
INSERT INTO `feed_sync_location` VALUES ('167', '46', '32.03986599392361', '118.87380859375', 'otIY-5cD9gLRavSgWF_YIS1sCpAY', 'otIY-5ZgfU3y01vlHpuIqatY2G08', '2020-01-07 17:58:15');
INSERT INTO `feed_sync_location` VALUES ('168', '46', '32.03983506944444', '118.87384575737848', 'otIY-5cD9gLRavSgWF_YIS1sCpAY', 'otIY-5ZgfU3y01vlHpuIqatY2G08', '2020-01-07 17:58:25');
INSERT INTO `feed_sync_location` VALUES ('169', '46', '32.03983506944444', '118.87384575737848', 'otIY-5cD9gLRavSgWF_YIS1sCpAY', 'otIY-5ZgfU3y01vlHpuIqatY2G08', '2020-01-07 17:58:35');
INSERT INTO `feed_sync_location` VALUES ('170', '46', '32.03983506944444', '118.87384575737848', 'otIY-5cD9gLRavSgWF_YIS1sCpAY', 'otIY-5ZgfU3y01vlHpuIqatY2G08', '2020-01-07 17:58:45');
INSERT INTO `feed_sync_location` VALUES ('171', '46', '32.03983506944444', '118.87384575737848', 'otIY-5cD9gLRavSgWF_YIS1sCpAY', 'otIY-5ZgfU3y01vlHpuIqatY2G08', '2020-01-07 17:58:55');
INSERT INTO `feed_sync_location` VALUES ('172', '46', '32.039852159288195', '118.87385281032986', 'otIY-5cD9gLRavSgWF_YIS1sCpAY', 'otIY-5ZgfU3y01vlHpuIqatY2G08', '2020-01-07 17:59:05');
INSERT INTO `feed_sync_location` VALUES ('173', '46', '32.039852159288195', '118.87385281032986', 'otIY-5cD9gLRavSgWF_YIS1sCpAY', 'otIY-5ZgfU3y01vlHpuIqatY2G08', '2020-01-07 17:59:15');
INSERT INTO `feed_sync_location` VALUES ('174', '46', '32.039852159288195', '118.87385281032986', 'otIY-5cD9gLRavSgWF_YIS1sCpAY', 'otIY-5ZgfU3y01vlHpuIqatY2G08', '2020-01-07 17:59:25');
INSERT INTO `feed_sync_location` VALUES ('175', '46', '32.039852159288195', '118.87385281032986', 'otIY-5cD9gLRavSgWF_YIS1sCpAY', 'otIY-5ZgfU3y01vlHpuIqatY2G08', '2020-01-07 17:59:35');
INSERT INTO `feed_sync_location` VALUES ('176', '46', '32.039852159288195', '118.87385281032986', 'otIY-5cD9gLRavSgWF_YIS1sCpAY', 'otIY-5ZgfU3y01vlHpuIqatY2G08', '2020-01-07 17:59:45');
INSERT INTO `feed_sync_location` VALUES ('177', '46', '32.039852159288195', '118.87385281032986', 'otIY-5cD9gLRavSgWF_YIS1sCpAY', 'otIY-5ZgfU3y01vlHpuIqatY2G08', '2020-01-07 17:59:55');
INSERT INTO `feed_sync_location` VALUES ('178', '46', '32.039852159288195', '118.87385281032986', 'otIY-5cD9gLRavSgWF_YIS1sCpAY', 'otIY-5ZgfU3y01vlHpuIqatY2G08', '2020-01-07 18:00:05');
INSERT INTO `feed_sync_location` VALUES ('179', '46', '32.039852159288195', '118.87385281032986', 'otIY-5cD9gLRavSgWF_YIS1sCpAY', 'otIY-5ZgfU3y01vlHpuIqatY2G08', '2020-01-07 18:00:15');
INSERT INTO `feed_sync_location` VALUES ('180', '46', '32.039852159288195', '118.87385281032986', 'otIY-5cD9gLRavSgWF_YIS1sCpAY', 'otIY-5ZgfU3y01vlHpuIqatY2G08', '2020-01-07 18:00:25');
INSERT INTO `feed_sync_location` VALUES ('181', '46', '32.039852159288195', '118.87385281032986', 'otIY-5cD9gLRavSgWF_YIS1sCpAY', 'otIY-5ZgfU3y01vlHpuIqatY2G08', '2020-01-07 18:00:35');
INSERT INTO `feed_sync_location` VALUES ('182', '46', '32.039852159288195', '118.87385281032986', 'otIY-5cD9gLRavSgWF_YIS1sCpAY', 'otIY-5ZgfU3y01vlHpuIqatY2G08', '2020-01-07 18:00:45');
INSERT INTO `feed_sync_location` VALUES ('183', '46', '32.039852159288195', '118.87385281032986', 'otIY-5cD9gLRavSgWF_YIS1sCpAY', 'otIY-5ZgfU3y01vlHpuIqatY2G08', '2020-01-07 18:00:55');
INSERT INTO `feed_sync_location` VALUES ('184', '46', '32.039852159288195', '118.87385281032986', 'otIY-5cD9gLRavSgWF_YIS1sCpAY', 'otIY-5ZgfU3y01vlHpuIqatY2G08', '2020-01-07 18:01:05');
INSERT INTO `feed_sync_location` VALUES ('185', '46', '32.039852159288195', '118.87385281032986', 'otIY-5cD9gLRavSgWF_YIS1sCpAY', 'otIY-5ZgfU3y01vlHpuIqatY2G08', '2020-01-07 18:01:15');
INSERT INTO `feed_sync_location` VALUES ('186', '46', '32.039852159288195', '118.87385281032986', 'otIY-5cD9gLRavSgWF_YIS1sCpAY', 'otIY-5ZgfU3y01vlHpuIqatY2G08', '2020-01-07 18:01:25');
INSERT INTO `feed_sync_location` VALUES ('187', '46', '32.039852159288195', '118.87385281032986', 'otIY-5cD9gLRavSgWF_YIS1sCpAY', 'otIY-5ZgfU3y01vlHpuIqatY2G08', '2020-01-07 18:01:35');
INSERT INTO `feed_sync_location` VALUES ('188', '46', '32.03984375', '118.87392632378472', 'otIY-5cD9gLRavSgWF_YIS1sCpAY', 'otIY-5ZgfU3y01vlHpuIqatY2G08', '2020-01-07 18:01:45');
INSERT INTO `feed_sync_location` VALUES ('189', '46', '32.03984375', '118.87392632378472', 'otIY-5cD9gLRavSgWF_YIS1sCpAY', 'otIY-5ZgfU3y01vlHpuIqatY2G08', '2020-01-07 18:01:55');
INSERT INTO `feed_sync_location` VALUES ('190', '46', '32.03984375', '118.87392632378472', 'otIY-5cD9gLRavSgWF_YIS1sCpAY', 'otIY-5ZgfU3y01vlHpuIqatY2G08', '2020-01-07 18:02:05');
INSERT INTO `feed_sync_location` VALUES ('191', '46', '32.03984375', '118.87392632378472', 'otIY-5cD9gLRavSgWF_YIS1sCpAY', 'otIY-5ZgfU3y01vlHpuIqatY2G08', '2020-01-07 18:02:15');
INSERT INTO `feed_sync_location` VALUES ('192', '46', '32.03984375', '118.87392632378472', 'otIY-5cD9gLRavSgWF_YIS1sCpAY', 'otIY-5ZgfU3y01vlHpuIqatY2G08', '2020-01-07 18:02:25');
INSERT INTO `feed_sync_location` VALUES ('193', '46', '32.03981608072917', '118.87386176215277', 'otIY-5cD9gLRavSgWF_YIS1sCpAY', 'otIY-5ZgfU3y01vlHpuIqatY2G08', '2020-01-07 18:05:16');
INSERT INTO `feed_sync_location` VALUES ('194', '46', '32.03981608072917', '118.87386176215277', 'otIY-5cD9gLRavSgWF_YIS1sCpAY', 'otIY-5ZgfU3y01vlHpuIqatY2G08', '2020-01-07 18:05:26');
INSERT INTO `feed_sync_location` VALUES ('195', '46', '32.03981608072917', '118.87386176215277', 'otIY-5cD9gLRavSgWF_YIS1sCpAY', 'otIY-5ZgfU3y01vlHpuIqatY2G08', '2020-01-07 18:05:36');
INSERT INTO `feed_sync_location` VALUES ('196', '46', '32.03981608072917', '118.87386176215277', 'otIY-5cD9gLRavSgWF_YIS1sCpAY', 'otIY-5ZgfU3y01vlHpuIqatY2G08', '2020-01-07 18:05:46');
INSERT INTO `feed_sync_location` VALUES ('197', '46', '32.03981201171875', '118.87384874131945', 'otIY-5cD9gLRavSgWF_YIS1sCpAY', 'otIY-5ZgfU3y01vlHpuIqatY2G08', '2020-01-07 18:08:17');
INSERT INTO `feed_sync_location` VALUES ('198', '46', '32.03981201171875', '118.87384874131945', 'otIY-5cD9gLRavSgWF_YIS1sCpAY', 'otIY-5ZgfU3y01vlHpuIqatY2G08', '2020-01-07 18:08:26');
INSERT INTO `feed_sync_location` VALUES ('199', '46', '32.03981201171875', '118.87384874131945', 'otIY-5cD9gLRavSgWF_YIS1sCpAY', 'otIY-5ZgfU3y01vlHpuIqatY2G08', '2020-01-07 18:08:37');
INSERT INTO `feed_sync_location` VALUES ('200', '46', '32.03984619140625', '118.87391737196181', 'otIY-5cD9gLRavSgWF_YIS1sCpAY', 'otIY-5ZgfU3y01vlHpuIqatY2G08', '2020-01-07 18:08:47');
INSERT INTO `feed_sync_location` VALUES ('201', '46', '32.039814995659725', '118.8739124891493', 'otIY-5cD9gLRavSgWF_YIS1sCpAY', 'otIY-5ZgfU3y01vlHpuIqatY2G08', '2020-01-07 18:14:55');
INSERT INTO `feed_sync_location` VALUES ('202', '46', '32.039814995659725', '118.8739124891493', 'otIY-5cD9gLRavSgWF_YIS1sCpAY', 'otIY-5ZgfU3y01vlHpuIqatY2G08', '2020-01-07 18:15:05');
INSERT INTO `feed_sync_location` VALUES ('203', '43', '32.03980875651042', '118.87394748263888', 'otIY-5cD9gLRavSgWF_YIS1sCpAY', 'otIY-5UYqY6dFhhMhvaDsTQXwnfo', '2020-01-07 18:17:51');
INSERT INTO `feed_sync_location` VALUES ('204', '43', '32.039836968315974', '118.87385660807291', 'otIY-5cD9gLRavSgWF_YIS1sCpAY', 'otIY-5UYqY6dFhhMhvaDsTQXwnfo', '2020-01-07 18:18:01');
INSERT INTO `feed_sync_location` VALUES ('205', '43', '32.039836968315974', '118.87385660807291', 'otIY-5cD9gLRavSgWF_YIS1sCpAY', 'otIY-5UYqY6dFhhMhvaDsTQXwnfo', '2020-01-07 18:18:11');
INSERT INTO `feed_sync_location` VALUES ('206', '43', '32.0397789171007', '118.8739564344618', 'otIY-5cD9gLRavSgWF_YIS1sCpAY', 'otIY-5UYqY6dFhhMhvaDsTQXwnfo', '2020-01-07 18:18:21');
INSERT INTO `feed_sync_location` VALUES ('207', '46', '32.039875217013886', '118.87377875434028', 'otIY-5cD9gLRavSgWF_YIS1sCpAY', 'otIY-5ZgfU3y01vlHpuIqatY2G08', '2020-01-07 18:24:05');
INSERT INTO `feed_sync_location` VALUES ('208', '46', '32.039820692274304', '118.87394938151041', 'otIY-5cD9gLRavSgWF_YIS1sCpAY', 'otIY-5ZgfU3y01vlHpuIqatY2G08', '2020-01-07 18:24:25');
INSERT INTO `feed_sync_location` VALUES ('209', '46', '32.03982421875', '118.87381076388888', 'otIY-5cD9gLRavSgWF_YIS1sCpAY', 'otIY-5ZgfU3y01vlHpuIqatY2G08', '2020-01-07 18:24:45');
INSERT INTO `feed_sync_location` VALUES ('210', '46', '32.03982421875', '118.87381076388888', 'otIY-5cD9gLRavSgWF_YIS1sCpAY', 'otIY-5ZgfU3y01vlHpuIqatY2G08', '2020-01-07 18:25:05');
INSERT INTO `feed_sync_location` VALUES ('211', '46', '32.03980116102431', '118.87389567057292', 'otIY-5cD9gLRavSgWF_YIS1sCpAY', 'otIY-5ZgfU3y01vlHpuIqatY2G08', '2020-01-07 18:25:25');
INSERT INTO `feed_sync_location` VALUES ('212', '46', '32.04017523871528', '118.87357394748264', 'otIY-5cD9gLRavSgWF_YIS1sCpAY', 'otIY-5ZgfU3y01vlHpuIqatY2G08', '2020-01-07 18:25:42');
INSERT INTO `feed_sync_location` VALUES ('213', '46', '32.03995415581597', '118.87369303385417', 'otIY-5cD9gLRavSgWF_YIS1sCpAY', 'otIY-5ZgfU3y01vlHpuIqatY2G08', '2020-01-07 18:25:52');
INSERT INTO `feed_sync_location` VALUES ('214', '46', '32.03983506944444', '118.87381781684027', 'otIY-5cD9gLRavSgWF_YIS1sCpAY', 'otIY-5ZgfU3y01vlHpuIqatY2G08', '2020-01-07 18:26:02');
INSERT INTO `feed_sync_location` VALUES ('215', '46', '32.03974093967014', '118.87400933159722', 'otIY-5cD9gLRavSgWF_YIS1sCpAY', 'otIY-5ZgfU3y01vlHpuIqatY2G08', '2020-01-07 18:26:12');
INSERT INTO `feed_sync_location` VALUES ('216', '46', '32.03975694444444', '118.87402452256944', 'otIY-5cD9gLRavSgWF_YIS1sCpAY', 'otIY-5ZgfU3y01vlHpuIqatY2G08', '2020-01-07 18:26:22');
INSERT INTO `feed_sync_location` VALUES ('217', '46', '32.03975694444444', '118.87402452256944', 'otIY-5cD9gLRavSgWF_YIS1sCpAY', 'otIY-5ZgfU3y01vlHpuIqatY2G08', '2020-01-07 18:26:32');
INSERT INTO `feed_sync_location` VALUES ('218', '46', '32.03975694444444', '118.87402452256944', 'otIY-5cD9gLRavSgWF_YIS1sCpAY', 'otIY-5ZgfU3y01vlHpuIqatY2G08', '2020-01-07 18:26:42');
INSERT INTO `feed_sync_location` VALUES ('219', '46', '32.03975694444444', '118.87402452256944', 'otIY-5cD9gLRavSgWF_YIS1sCpAY', 'otIY-5ZgfU3y01vlHpuIqatY2G08', '2020-01-07 18:26:52');
INSERT INTO `feed_sync_location` VALUES ('220', '46', '32.03975694444444', '118.87402452256944', 'otIY-5cD9gLRavSgWF_YIS1sCpAY', 'otIY-5ZgfU3y01vlHpuIqatY2G08', '2020-01-07 18:27:02');
INSERT INTO `feed_sync_location` VALUES ('221', '46', '32.03975694444444', '118.87402452256944', 'otIY-5cD9gLRavSgWF_YIS1sCpAY', 'otIY-5ZgfU3y01vlHpuIqatY2G08', '2020-01-07 18:27:12');
INSERT INTO `feed_sync_location` VALUES ('222', '46', '32.03975694444444', '118.87402452256944', 'otIY-5cD9gLRavSgWF_YIS1sCpAY', 'otIY-5ZgfU3y01vlHpuIqatY2G08', '2020-01-07 18:27:22');
INSERT INTO `feed_sync_location` VALUES ('223', '46', '32.03975694444444', '118.87402452256944', 'otIY-5cD9gLRavSgWF_YIS1sCpAY', 'otIY-5ZgfU3y01vlHpuIqatY2G08', '2020-01-07 18:27:35');
INSERT INTO `feed_sync_location` VALUES ('224', '46', '32.0396714952257', '118.87362684461806', 'otIY-5cD9gLRavSgWF_YIS1sCpAY', 'otIY-5ZgfU3y01vlHpuIqatY2G08', '2020-01-07 18:28:51');
INSERT INTO `feed_sync_location` VALUES ('225', '46', '32.03983452690972', '118.8732826063368', 'otIY-5cD9gLRavSgWF_YIS1sCpAY', 'otIY-5ZgfU3y01vlHpuIqatY2G08', '2020-01-07 18:29:07');
INSERT INTO `feed_sync_location` VALUES ('226', '46', '32.039700249565975', '118.8736509874132', 'otIY-5cD9gLRavSgWF_YIS1sCpAY', 'otIY-5ZgfU3y01vlHpuIqatY2G08', '2020-01-07 18:29:18');
INSERT INTO `feed_sync_location` VALUES ('227', '46', '32.039737413194445', '118.87353298611112', 'otIY-5cD9gLRavSgWF_YIS1sCpAY', 'otIY-5ZgfU3y01vlHpuIqatY2G08', '2020-01-07 18:29:28');
INSERT INTO `feed_sync_location` VALUES ('228', '46', '32.03983859592014', '118.87342827690972', 'otIY-5cD9gLRavSgWF_YIS1sCpAY', 'otIY-5ZgfU3y01vlHpuIqatY2G08', '2020-01-07 18:29:38');
INSERT INTO `feed_sync_location` VALUES ('229', '46', '32.0397705078125', '118.87347819010417', 'otIY-5cD9gLRavSgWF_YIS1sCpAY', 'otIY-5ZgfU3y01vlHpuIqatY2G08', '2020-01-07 18:29:48');
INSERT INTO `feed_sync_location` VALUES ('230', '70', '32.0388720703125', '118.86953857421875', 'otIY-5cD9gLRavSgWF_YIS1sCpAY', 'otIY-5cD9gLRavSgWF_YIS1sCpAY', '2020-01-09 20:18:26');
INSERT INTO `feed_sync_location` VALUES ('231', '46', '32.140292426215275', '118.74628445095486', 'otIY-5cD9gLRavSgWF_YIS1sCpAY', 'otIY-5ZgfU3y01vlHpuIqatY2G08', '2020-01-09 21:18:33');
INSERT INTO `feed_sync_location` VALUES ('232', '46', '32.140292426215275', '118.74628445095486', 'otIY-5cD9gLRavSgWF_YIS1sCpAY', 'otIY-5ZgfU3y01vlHpuIqatY2G08', '2020-01-09 21:18:54');
INSERT INTO `feed_sync_location` VALUES ('233', '56', '32.03982421875', '118.87386176215277', 'otIY-5cD9gLRavSgWF_YIS1sCpAY', 'otIY-5cD9gLRavSgWF_YIS1sCpAY', '2020-01-10 17:02:26');
INSERT INTO `feed_sync_location` VALUES ('234', '46', '32.04021728515625', '118.83510498046876', 'otIY-5cD9gLRavSgWF_YIS1sCpAY', 'otIY-5ZgfU3y01vlHpuIqatY2G08', '2020-01-10 19:33:07');
INSERT INTO `feed_sync_location` VALUES ('235', '43', '32.03981201171875', '118.87384874131945', 'otIY-5cD9gLRavSgWF_YIS1sCpAY', 'otIY-5UYqY6dFhhMhvaDsTQXwnfo', '2020-01-13 11:06:00');
INSERT INTO `feed_sync_location` VALUES ('236', '43', '32.03979275173611', '118.8740025499132', 'otIY-5cD9gLRavSgWF_YIS1sCpAY', 'otIY-5UYqY6dFhhMhvaDsTQXwnfo', '2020-01-13 11:06:23');
INSERT INTO `feed_sync_location` VALUES ('237', '43', '32.03979275173611', '118.8740025499132', 'otIY-5cD9gLRavSgWF_YIS1sCpAY', 'otIY-5UYqY6dFhhMhvaDsTQXwnfo', '2020-01-13 11:06:31');
INSERT INTO `feed_sync_location` VALUES ('238', '43', '32.03979275173611', '118.8740025499132', 'otIY-5cD9gLRavSgWF_YIS1sCpAY', 'otIY-5UYqY6dFhhMhvaDsTQXwnfo', '2020-01-13 11:06:37');
INSERT INTO `feed_sync_location` VALUES ('239', '43', '32.03979275173611', '118.8740025499132', 'otIY-5cD9gLRavSgWF_YIS1sCpAY', 'otIY-5UYqY6dFhhMhvaDsTQXwnfo', '2020-01-13 11:06:39');
INSERT INTO `feed_sync_location` VALUES ('240', '43', '32.03980875651042', '118.87396240234375', 'otIY-5cD9gLRavSgWF_YIS1sCpAY', 'otIY-5UYqY6dFhhMhvaDsTQXwnfo', '2020-01-13 11:08:08');
INSERT INTO `feed_sync_location` VALUES ('241', '43', '32.03980875651042', '118.87396240234375', 'otIY-5cD9gLRavSgWF_YIS1sCpAY', 'otIY-5UYqY6dFhhMhvaDsTQXwnfo', '2020-01-13 11:08:16');
INSERT INTO `feed_sync_location` VALUES ('242', '50', '32.03980875651042', '118.87396240234375', 'otIY-5cD9gLRavSgWF_YIS1sCpAY', 'otIY-5cD9gLRavSgWF_YIS1sCpAY', '2020-01-13 11:08:20');
INSERT INTO `feed_sync_location` VALUES ('243', '43', '32.03980875651042', '118.87396945529514', 'otIY-5cD9gLRavSgWF_YIS1sCpAY', 'otIY-5UYqY6dFhhMhvaDsTQXwnfo', '2020-01-13 11:08:53');
INSERT INTO `feed_sync_location` VALUES ('244', '43', '32.03980875651042', '118.87396945529514', 'otIY-5cD9gLRavSgWF_YIS1sCpAY', 'otIY-5UYqY6dFhhMhvaDsTQXwnfo', '2020-01-13 11:09:13');
INSERT INTO `feed_sync_location` VALUES ('245', '43', '32.03982421875', '118.87386555989583', 'otIY-5cD9gLRavSgWF_YIS1sCpAY', 'otIY-5UYqY6dFhhMhvaDsTQXwnfo', '2020-01-13 11:46:41');
INSERT INTO `feed_sync_location` VALUES ('246', '43', '32.03942816840278', '118.87447564019097', 'otIY-5cD9gLRavSgWF_YIS1sCpAY', 'otIY-5UYqY6dFhhMhvaDsTQXwnfo', '2020-01-13 11:48:26');
INSERT INTO `feed_sync_location` VALUES ('247', '43', '32.03951361762153', '118.87422309027778', 'otIY-5cD9gLRavSgWF_YIS1sCpAY', 'otIY-5UYqY6dFhhMhvaDsTQXwnfo', '2020-01-13 11:48:33');
INSERT INTO `feed_sync_location` VALUES ('248', '43', '32.03983317057292', '118.87386067708333', 'otIY-5cD9gLRavSgWF_YIS1sCpAY', 'otIY-5UYqY6dFhhMhvaDsTQXwnfo', '2020-01-13 12:58:21');
INSERT INTO `feed_sync_location` VALUES ('249', '43', '32.03983317057292', '118.87386067708333', 'otIY-5cD9gLRavSgWF_YIS1sCpAY', 'otIY-5UYqY6dFhhMhvaDsTQXwnfo', '2020-01-13 12:58:41');
INSERT INTO `feed_sync_location` VALUES ('250', '43', '32.03982584635417', '118.87395941840278', 'otIY-5cD9gLRavSgWF_YIS1sCpAY', 'otIY-5UYqY6dFhhMhvaDsTQXwnfo', '2020-01-13 12:59:01');
INSERT INTO `feed_sync_location` VALUES ('251', '43', '32.03982421875', '118.87384060329862', 'otIY-5cD9gLRavSgWF_YIS1sCpAY', 'otIY-5UYqY6dFhhMhvaDsTQXwnfo', '2020-01-13 12:59:21');
INSERT INTO `feed_sync_location` VALUES ('252', '43', '32.03985107421875', '118.87383870442709', 'otIY-5cD9gLRavSgWF_YIS1sCpAY', 'otIY-5UYqY6dFhhMhvaDsTQXwnfo', '2020-01-13 13:00:08');
INSERT INTO `feed_sync_location` VALUES ('253', '43', '32.03985107421875', '118.87383870442709', 'otIY-5cD9gLRavSgWF_YIS1sCpAY', 'otIY-5UYqY6dFhhMhvaDsTQXwnfo', '2020-01-13 13:00:28');
INSERT INTO `feed_sync_location` VALUES ('254', '43', '32.03984917534722', '118.87386176215277', 'otIY-5cD9gLRavSgWF_YIS1sCpAY', 'otIY-5UYqY6dFhhMhvaDsTQXwnfo', '2020-01-13 13:07:12');
INSERT INTO `feed_sync_location` VALUES ('255', '43', '32.03984917534722', '118.87386176215277', 'otIY-5cD9gLRavSgWF_YIS1sCpAY', 'otIY-5UYqY6dFhhMhvaDsTQXwnfo', '2020-01-13 13:07:32');
INSERT INTO `feed_sync_location` VALUES ('256', '43', '32.03985405815972', '118.87381564670139', 'otIY-5cD9gLRavSgWF_YIS1sCpAY', 'otIY-5UYqY6dFhhMhvaDsTQXwnfo', '2020-01-13 13:07:52');
INSERT INTO `feed_sync_location` VALUES ('257', '43', '32.03985405815972', '118.87381564670139', 'otIY-5cD9gLRavSgWF_YIS1sCpAY', 'otIY-5UYqY6dFhhMhvaDsTQXwnfo', '2020-01-13 13:08:12');
INSERT INTO `feed_sync_location` VALUES ('258', '43', '32.03984103732639', '118.87381374782986', 'otIY-5cD9gLRavSgWF_YIS1sCpAY', 'otIY-5UYqY6dFhhMhvaDsTQXwnfo', '2020-01-13 13:08:32');
INSERT INTO `feed_sync_location` VALUES ('259', '43', '32.03984103732639', '118.87381374782986', 'otIY-5cD9gLRavSgWF_YIS1sCpAY', 'otIY-5UYqY6dFhhMhvaDsTQXwnfo', '2020-01-13 13:08:52');
INSERT INTO `feed_sync_location` VALUES ('260', '43', '32.03984103732639', '118.87381374782986', 'otIY-5cD9gLRavSgWF_YIS1sCpAY', 'otIY-5UYqY6dFhhMhvaDsTQXwnfo', '2020-01-13 13:09:12');
INSERT INTO `feed_sync_location` VALUES ('261', '43', '32.03984103732639', '118.87381374782986', 'otIY-5cD9gLRavSgWF_YIS1sCpAY', 'otIY-5UYqY6dFhhMhvaDsTQXwnfo', '2020-01-13 13:09:32');
INSERT INTO `feed_sync_location` VALUES ('262', '43', '32.03984103732639', '118.87381374782986', 'otIY-5cD9gLRavSgWF_YIS1sCpAY', 'otIY-5UYqY6dFhhMhvaDsTQXwnfo', '2020-01-13 13:09:52');
INSERT INTO `feed_sync_location` VALUES ('263', '43', '32.03984103732639', '118.87381374782986', 'otIY-5cD9gLRavSgWF_YIS1sCpAY', 'otIY-5UYqY6dFhhMhvaDsTQXwnfo', '2020-01-13 13:10:12');
INSERT INTO `feed_sync_location` VALUES ('264', '43', '32.03984103732639', '118.87381374782986', 'otIY-5cD9gLRavSgWF_YIS1sCpAY', 'otIY-5UYqY6dFhhMhvaDsTQXwnfo', '2020-01-13 13:10:32');
INSERT INTO `feed_sync_location` VALUES ('265', '43', '32.039820963541665', '118.87386257595486', 'otIY-5cD9gLRavSgWF_YIS1sCpAY', 'otIY-5UYqY6dFhhMhvaDsTQXwnfo', '2020-01-13 13:10:52');
INSERT INTO `feed_sync_location` VALUES ('266', '43', '32.039820963541665', '118.87386257595486', 'otIY-5cD9gLRavSgWF_YIS1sCpAY', 'otIY-5UYqY6dFhhMhvaDsTQXwnfo', '2020-01-13 13:11:12');
INSERT INTO `feed_sync_location` VALUES ('267', '43', '32.039820963541665', '118.87386257595486', 'otIY-5cD9gLRavSgWF_YIS1sCpAY', 'otIY-5UYqY6dFhhMhvaDsTQXwnfo', '2020-01-13 13:11:32');
INSERT INTO `feed_sync_location` VALUES ('268', '43', '32.039820963541665', '118.87386257595486', 'otIY-5cD9gLRavSgWF_YIS1sCpAY', 'otIY-5UYqY6dFhhMhvaDsTQXwnfo', '2020-01-13 13:11:52');
INSERT INTO `feed_sync_location` VALUES ('269', '43', '32.039820963541665', '118.87386257595486', 'otIY-5cD9gLRavSgWF_YIS1sCpAY', 'otIY-5UYqY6dFhhMhvaDsTQXwnfo', '2020-01-13 13:12:12');
INSERT INTO `feed_sync_location` VALUES ('270', '43', '32.039820963541665', '118.87386257595486', 'otIY-5cD9gLRavSgWF_YIS1sCpAY', 'otIY-5UYqY6dFhhMhvaDsTQXwnfo', '2020-01-13 13:12:32');
INSERT INTO `feed_sync_location` VALUES ('271', '43', '32.039820963541665', '118.87386257595486', 'otIY-5cD9gLRavSgWF_YIS1sCpAY', 'otIY-5UYqY6dFhhMhvaDsTQXwnfo', '2020-01-13 13:12:52');
INSERT INTO `feed_sync_location` VALUES ('272', '43', '32.039820963541665', '118.87386257595486', 'otIY-5cD9gLRavSgWF_YIS1sCpAY', 'otIY-5UYqY6dFhhMhvaDsTQXwnfo', '2020-01-13 13:13:12');
INSERT INTO `feed_sync_location` VALUES ('273', '43', '32.039820963541665', '118.87386257595486', 'otIY-5cD9gLRavSgWF_YIS1sCpAY', 'otIY-5UYqY6dFhhMhvaDsTQXwnfo', '2020-01-13 13:13:32');
INSERT INTO `feed_sync_location` VALUES ('274', '43', '32.039820963541665', '118.87386257595486', 'otIY-5cD9gLRavSgWF_YIS1sCpAY', 'otIY-5UYqY6dFhhMhvaDsTQXwnfo', '2020-01-13 13:13:52');
INSERT INTO `feed_sync_location` VALUES ('275', '43', '32.039820963541665', '118.87386257595486', 'otIY-5cD9gLRavSgWF_YIS1sCpAY', 'otIY-5UYqY6dFhhMhvaDsTQXwnfo', '2020-01-13 13:14:12');
INSERT INTO `feed_sync_location` VALUES ('276', '43', '32.03984076605903', '118.87400146484374', 'otIY-5cD9gLRavSgWF_YIS1sCpAY', 'otIY-5UYqY6dFhhMhvaDsTQXwnfo', '2020-01-13 13:14:32');
INSERT INTO `feed_sync_location` VALUES ('277', '43', '32.03984076605903', '118.87403130425348', 'otIY-5cD9gLRavSgWF_YIS1sCpAY', 'otIY-5UYqY6dFhhMhvaDsTQXwnfo', '2020-01-13 13:15:02');
INSERT INTO `feed_sync_location` VALUES ('278', '43', '32.03984076605903', '118.87403130425348', 'otIY-5cD9gLRavSgWF_YIS1sCpAY', 'otIY-5UYqY6dFhhMhvaDsTQXwnfo', '2020-01-13 13:15:22');
INSERT INTO `feed_sync_location` VALUES ('279', '43', '32.03982693142361', '118.8739333767361', 'otIY-5cD9gLRavSgWF_YIS1sCpAY', 'otIY-5UYqY6dFhhMhvaDsTQXwnfo', '2020-01-13 13:15:42');
INSERT INTO `feed_sync_location` VALUES ('280', '43', '32.03982693142361', '118.8739333767361', 'otIY-5cD9gLRavSgWF_YIS1sCpAY', 'otIY-5UYqY6dFhhMhvaDsTQXwnfo', '2020-01-13 13:16:02');
INSERT INTO `feed_sync_location` VALUES ('281', '43', '32.03986219618056', '118.87380479600695', 'otIY-5cD9gLRavSgWF_YIS1sCpAY', 'otIY-5UYqY6dFhhMhvaDsTQXwnfo', '2020-01-13 13:16:22');
INSERT INTO `feed_sync_location` VALUES ('282', '43', '32.03985812717014', '118.87380262586805', 'otIY-5cD9gLRavSgWF_YIS1sCpAY', 'otIY-5UYqY6dFhhMhvaDsTQXwnfo', '2020-01-13 13:16:42');
INSERT INTO `feed_sync_location` VALUES ('283', '43', '32.03982693142361', '118.87397732204862', 'otIY-5cD9gLRavSgWF_YIS1sCpAY', 'otIY-5UYqY6dFhhMhvaDsTQXwnfo', '2020-01-13 13:17:02');
INSERT INTO `feed_sync_location` VALUES ('284', '43', '32.039845106336806', '118.87382758246528', 'otIY-5cD9gLRavSgWF_YIS1sCpAY', 'otIY-5UYqY6dFhhMhvaDsTQXwnfo', '2020-01-13 13:17:22');
INSERT INTO `feed_sync_location` VALUES ('285', '43', '32.03982693142361', '118.8739794921875', 'otIY-5cD9gLRavSgWF_YIS1sCpAY', 'otIY-5UYqY6dFhhMhvaDsTQXwnfo', '2020-01-13 13:17:42');
INSERT INTO `feed_sync_location` VALUES ('286', '43', '32.03984917534722', '118.8738316514757', 'otIY-5cD9gLRavSgWF_YIS1sCpAY', 'otIY-5UYqY6dFhhMhvaDsTQXwnfo', '2020-01-13 13:18:12');
INSERT INTO `feed_sync_location` VALUES ('287', '43', '32.03984917534722', '118.8738316514757', 'otIY-5cD9gLRavSgWF_YIS1sCpAY', 'otIY-5UYqY6dFhhMhvaDsTQXwnfo', '2020-01-13 13:18:32');
INSERT INTO `feed_sync_location` VALUES ('288', '43', '32.03982421875', '118.87392849392361', 'otIY-5cD9gLRavSgWF_YIS1sCpAY', 'otIY-5UYqY6dFhhMhvaDsTQXwnfo', '2020-01-13 13:18:52');
INSERT INTO `feed_sync_location` VALUES ('289', '43', '32.03982421875', '118.87392849392361', 'otIY-5cD9gLRavSgWF_YIS1sCpAY', 'otIY-5UYqY6dFhhMhvaDsTQXwnfo', '2020-01-13 13:19:12');
INSERT INTO `feed_sync_location` VALUES ('290', '43', '32.039814724392365', '118.87399441189235', 'otIY-5cD9gLRavSgWF_YIS1sCpAY', 'otIY-5UYqY6dFhhMhvaDsTQXwnfo', '2020-01-13 13:19:32');
INSERT INTO `feed_sync_location` VALUES ('291', '43', '32.03983289930556', '118.87403645833334', 'otIY-5cD9gLRavSgWF_YIS1sCpAY', 'otIY-5UYqY6dFhhMhvaDsTQXwnfo', '2020-01-13 13:24:43');
INSERT INTO `feed_sync_location` VALUES ('292', '43', '32.039820692274304', '118.87398546006945', 'otIY-5cD9gLRavSgWF_YIS1sCpAY', 'otIY-5UYqY6dFhhMhvaDsTQXwnfo', '2020-01-13 13:48:37');
INSERT INTO `feed_sync_location` VALUES ('293', '43', '32.039820692274304', '118.87398546006945', 'otIY-5cD9gLRavSgWF_YIS1sCpAY', 'otIY-5UYqY6dFhhMhvaDsTQXwnfo', '2020-01-13 13:48:57');
INSERT INTO `feed_sync_location` VALUES ('294', '43', '32.03981201171875', '118.87384874131945', 'otIY-5cD9gLRavSgWF_YIS1sCpAY', 'otIY-5UYqY6dFhhMhvaDsTQXwnfo', '2020-01-13 13:49:17');
INSERT INTO `feed_sync_location` VALUES ('295', '43', '32.03981201171875', '118.87384874131945', 'otIY-5cD9gLRavSgWF_YIS1sCpAY', 'otIY-5UYqY6dFhhMhvaDsTQXwnfo', '2020-01-13 13:49:37');
INSERT INTO `feed_sync_location` VALUES ('296', '43', '32.03986599392361', '118.87381781684027', 'otIY-5cD9gLRavSgWF_YIS1sCpAY', 'otIY-5UYqY6dFhhMhvaDsTQXwnfo', '2020-01-13 13:49:57');
INSERT INTO `feed_sync_location` VALUES ('297', '43', '32.03986599392361', '118.87381781684027', 'otIY-5cD9gLRavSgWF_YIS1sCpAY', 'otIY-5UYqY6dFhhMhvaDsTQXwnfo', '2020-01-13 13:50:17');
INSERT INTO `feed_sync_location` VALUES ('298', '43', '32.03994710286458', '118.8737527126736', 'otIY-5cD9gLRavSgWF_YIS1sCpAY', 'otIY-5UYqY6dFhhMhvaDsTQXwnfo', '2020-01-13 13:50:37');
INSERT INTO `feed_sync_location` VALUES ('299', '43', '32.03994710286458', '118.8737527126736', 'otIY-5cD9gLRavSgWF_YIS1sCpAY', 'otIY-5UYqY6dFhhMhvaDsTQXwnfo', '2020-01-13 13:50:57');
INSERT INTO `feed_sync_location` VALUES ('300', '43', '32.03989312065972', '118.87382161458333', 'otIY-5cD9gLRavSgWF_YIS1sCpAY', 'otIY-5UYqY6dFhhMhvaDsTQXwnfo', '2020-01-13 13:51:17');
INSERT INTO `feed_sync_location` VALUES ('301', '43', '32.03989312065972', '118.87382161458333', 'otIY-5cD9gLRavSgWF_YIS1sCpAY', 'otIY-5UYqY6dFhhMhvaDsTQXwnfo', '2020-01-13 13:51:37');
INSERT INTO `feed_sync_location` VALUES ('302', '43', '32.03984917534722', '118.87383572048611', 'otIY-5cD9gLRavSgWF_YIS1sCpAY', 'otIY-5UYqY6dFhhMhvaDsTQXwnfo', '2020-01-13 13:51:57');
INSERT INTO `feed_sync_location` VALUES ('303', '43', '32.039745551215276', '118.87267632378472', 'otIY-5cD9gLRavSgWF_YIS1sCpAY', 'otIY-5UYqY6dFhhMhvaDsTQXwnfo', '2020-01-17 19:48:52');
INSERT INTO `feed_sync_location` VALUES ('304', '43', '32.03985568576389', '118.8725962999132', 'otIY-5cD9gLRavSgWF_YIS1sCpAY', 'otIY-5UYqY6dFhhMhvaDsTQXwnfo', '2020-01-17 19:49:02');
INSERT INTO `feed_sync_location` VALUES ('305', '43', '32.03993977864583', '118.87251763237848', 'otIY-5cD9gLRavSgWF_YIS1sCpAY', 'otIY-5UYqY6dFhhMhvaDsTQXwnfo', '2020-01-17 19:49:12');
INSERT INTO `feed_sync_location` VALUES ('306', '43', '32.04002468532986', '118.87246446397569', 'otIY-5cD9gLRavSgWF_YIS1sCpAY', 'otIY-5UYqY6dFhhMhvaDsTQXwnfo', '2020-01-17 19:49:22');
INSERT INTO `feed_sync_location` VALUES ('307', '43', '32.04011474609375', '118.8724134657118', 'otIY-5cD9gLRavSgWF_YIS1sCpAY', 'otIY-5UYqY6dFhhMhvaDsTQXwnfo', '2020-01-17 19:49:32');
INSERT INTO `feed_sync_location` VALUES ('308', '43', '32.140253363715274', '118.74616129557292', 'otIY-5cD9gLRavSgWF_YIS1sCpAY', 'otIY-5UYqY6dFhhMhvaDsTQXwnfo', '2020-01-17 20:39:46');
INSERT INTO `feed_sync_location` VALUES ('309', '58', '32.13833658854167', '118.72631917317709', 'otIY-5cD9gLRavSgWF_YIS1sCpAY', 'otIY-5cD9gLRavSgWF_YIS1sCpAY', '2020-01-19 20:52:21');
INSERT INTO `feed_sync_location` VALUES ('310', '58', '32.137576497395834', '118.72619167751736', 'otIY-5cD9gLRavSgWF_YIS1sCpAY', 'otIY-5cD9gLRavSgWF_YIS1sCpAY', '2020-01-19 20:52:30');
INSERT INTO `feed_sync_location` VALUES ('311', '58', '32.137576497395834', '118.72619167751736', 'otIY-5cD9gLRavSgWF_YIS1sCpAY', 'otIY-5cD9gLRavSgWF_YIS1sCpAY', '2020-01-19 20:52:40');
INSERT INTO `feed_sync_location` VALUES ('312', '43', '32.137576497395834', '118.72619167751736', 'otIY-5cD9gLRavSgWF_YIS1sCpAY', 'otIY-5UYqY6dFhhMhvaDsTQXwnfo', '2020-01-19 20:52:44');
INSERT INTO `feed_sync_location` VALUES ('313', '43', '32.14684244791667', '120.25248779296875', 'otIY-5cD9gLRavSgWF_YIS1sCpAY', 'otIY-5UYqY6dFhhMhvaDsTQXwnfo', '2020-01-27 23:26:10');
INSERT INTO `feed_sync_location` VALUES ('314', '43', '32.14684244791667', '120.25248887803819', 'otIY-5cD9gLRavSgWF_YIS1sCpAY', 'otIY-5UYqY6dFhhMhvaDsTQXwnfo', '2020-01-27 23:26:15');
INSERT INTO `feed_sync_location` VALUES ('315', '43', '32.14687364366319', '120.252509765625', 'otIY-5cD9gLRavSgWF_YIS1sCpAY', 'otIY-5UYqY6dFhhMhvaDsTQXwnfo', '2020-01-27 23:26:20');
INSERT INTO `feed_sync_location` VALUES ('316', '43', '32.146883680555554', '120.25253580729166', 'otIY-5cD9gLRavSgWF_YIS1sCpAY', 'otIY-5UYqY6dFhhMhvaDsTQXwnfo', '2020-01-27 23:26:25');
INSERT INTO `feed_sync_location` VALUES ('317', '43', '32.146892632378474', '120.25253879123264', 'otIY-5cD9gLRavSgWF_YIS1sCpAY', 'otIY-5UYqY6dFhhMhvaDsTQXwnfo', '2020-01-27 23:26:30');
INSERT INTO `feed_sync_location` VALUES ('318', '43', '32.14689371744792', '120.25253390842013', 'otIY-5cD9gLRavSgWF_YIS1sCpAY', 'otIY-5UYqY6dFhhMhvaDsTQXwnfo', '2020-01-27 23:26:35');
INSERT INTO `feed_sync_location` VALUES ('319', '56', '32.14679768880208', '120.25255859375', 'otIY-5cD9gLRavSgWF_YIS1sCpAY', 'otIY-5cD9gLRavSgWF_YIS1sCpAY', '2020-01-29 02:20:09');
INSERT INTO `feed_sync_location` VALUES ('320', '56', '32.14692654079861', '120.25263943142362', 'otIY-5cD9gLRavSgWF_YIS1sCpAY', 'otIY-5cD9gLRavSgWF_YIS1sCpAY', '2020-01-29 02:20:14');
INSERT INTO `feed_sync_location` VALUES ('321', '56', '32.14698947482639', '120.25262152777778', 'otIY-5cD9gLRavSgWF_YIS1sCpAY', 'otIY-5cD9gLRavSgWF_YIS1sCpAY', '2020-01-29 02:20:19');
INSERT INTO `feed_sync_location` VALUES ('322', '56', '32.14703667534722', '120.25261664496527', 'otIY-5cD9gLRavSgWF_YIS1sCpAY', 'otIY-5cD9gLRavSgWF_YIS1sCpAY', '2020-01-29 02:20:24');
INSERT INTO `feed_sync_location` VALUES ('323', '56', '32.14703857421875', '120.25258544921876', 'otIY-5cD9gLRavSgWF_YIS1sCpAY', 'otIY-5cD9gLRavSgWF_YIS1sCpAY', '2020-01-29 02:20:29');
INSERT INTO `feed_sync_location` VALUES ('324', '50', '32.14695855034722', '120.2525745985243', 'otIY-5cD9gLRavSgWF_YIS1sCpAY', 'otIY-5cD9gLRavSgWF_YIS1sCpAY', '2020-02-06 00:52:08');
INSERT INTO `feed_sync_location` VALUES ('325', '50', '32.14692952473958', '120.25258761935764', 'otIY-5cD9gLRavSgWF_YIS1sCpAY', 'otIY-5cD9gLRavSgWF_YIS1sCpAY', '2020-02-06 00:52:17');
INSERT INTO `feed_sync_location` VALUES ('326', '50', '32.14691351996528', '120.2525754123264', 'otIY-5cD9gLRavSgWF_YIS1sCpAY', 'otIY-5cD9gLRavSgWF_YIS1sCpAY', '2020-02-06 00:52:27');
INSERT INTO `feed_sync_location` VALUES ('327', '50', '32.14689968532986', '120.2525515407986', 'otIY-5cD9gLRavSgWF_YIS1sCpAY', 'otIY-5cD9gLRavSgWF_YIS1sCpAY', '2020-02-06 00:52:37');
INSERT INTO `feed_sync_location` VALUES ('328', '50', '32.146937662760415', '120.25256049262153', 'otIY-5cD9gLRavSgWF_YIS1sCpAY', 'otIY-5cD9gLRavSgWF_YIS1sCpAY', '2020-02-06 00:57:20');
INSERT INTO `feed_sync_location` VALUES ('329', '43', '32.14693549262153', '120.25257948133681', 'otIY-5cD9gLRavSgWF_YIS1sCpAY', 'otIY-5UYqY6dFhhMhvaDsTQXwnfo', '2020-02-06 00:57:21');
INSERT INTO `feed_sync_location` VALUES ('330', '50', '32.146945529513886', '120.25262451171875', 'otIY-5cD9gLRavSgWF_YIS1sCpAY', 'otIY-5cD9gLRavSgWF_YIS1sCpAY', '2020-02-06 00:57:30');
INSERT INTO `feed_sync_location` VALUES ('331', '43', '32.14694851345486', '120.25262641059028', 'otIY-5cD9gLRavSgWF_YIS1sCpAY', 'otIY-5UYqY6dFhhMhvaDsTQXwnfo', '2020-02-06 00:57:31');
INSERT INTO `feed_sync_location` VALUES ('332', '50', '32.1469775390625', '120.25261257595486', 'otIY-5cD9gLRavSgWF_YIS1sCpAY', 'otIY-5cD9gLRavSgWF_YIS1sCpAY', '2020-02-06 00:57:40');
INSERT INTO `feed_sync_location` VALUES ('333', '43', '32.14698269314236', '120.25260362413195', 'otIY-5cD9gLRavSgWF_YIS1sCpAY', 'otIY-5UYqY6dFhhMhvaDsTQXwnfo', '2020-02-06 00:57:41');
INSERT INTO `feed_sync_location` VALUES ('334', '50', '32.1469886610243', '120.25261664496527', 'otIY-5cD9gLRavSgWF_YIS1sCpAY', 'otIY-5cD9gLRavSgWF_YIS1sCpAY', '2020-02-06 00:57:50');
INSERT INTO `feed_sync_location` VALUES ('335', '43', '32.14698947482639', '120.2526185438368', 'otIY-5cD9gLRavSgWF_YIS1sCpAY', 'otIY-5UYqY6dFhhMhvaDsTQXwnfo', '2020-02-06 00:57:51');
INSERT INTO `feed_sync_location` VALUES ('336', '50', '32.14696370442709', '120.2526535373264', 'otIY-5cD9gLRavSgWF_YIS1sCpAY', 'otIY-5cD9gLRavSgWF_YIS1sCpAY', '2020-02-06 00:58:00');
INSERT INTO `feed_sync_location` VALUES ('337', '43', '32.14696370442709', '120.2526535373264', 'otIY-5cD9gLRavSgWF_YIS1sCpAY', 'otIY-5UYqY6dFhhMhvaDsTQXwnfo', '2020-02-06 00:58:01');
INSERT INTO `feed_sync_location` VALUES ('338', '50', '32.14694254557292', '120.25263346354167', 'otIY-5cD9gLRavSgWF_YIS1sCpAY', 'otIY-5cD9gLRavSgWF_YIS1sCpAY', '2020-02-06 00:58:10');
INSERT INTO `feed_sync_location` VALUES ('339', '43', '32.14694254557292', '120.25263346354167', 'otIY-5cD9gLRavSgWF_YIS1sCpAY', 'otIY-5UYqY6dFhhMhvaDsTQXwnfo', '2020-02-06 00:58:11');

-- ----------------------------
-- Table structure for feed_topic_message
-- ----------------------------
DROP TABLE IF EXISTS `feed_topic_message`;
CREATE TABLE `feed_topic_message` (
  `id` int(20) NOT NULL AUTO_INCREMENT,
  `message` varchar(255) DEFAULT NULL,
  `open_id` varchar(50) DEFAULT NULL,
  `avatar_url` varchar(50) DEFAULT NULL,
  `create_time` datetime DEFAULT NULL,
  `topic_id` int(20) DEFAULT NULL,
  `nick_name` varchar(50) DEFAULT NULL,
  PRIMARY KEY (`id`)
) ENGINE=InnoDB DEFAULT CHARSET=utf8;

-- ----------------------------
-- Records of feed_topic_message
-- ----------------------------

-- ----------------------------
-- Table structure for goods
-- ----------------------------
DROP TABLE IF EXISTS `goods`;
CREATE TABLE `goods` (
  `id` int(11) NOT NULL AUTO_INCREMENT,
  `good_code` varchar(50) DEFAULT NULL,
  `good_name` varchar(100) DEFAULT NULL,
  `img_url` varchar(255) DEFAULT NULL,
  `original_price` decimal(10,2) DEFAULT NULL,
  `discount_price` decimal(10,2) DEFAULT NULL,
  `title` varchar(255) DEFAULT NULL,
  `desc` varchar(2000) DEFAULT NULL,
  `store_num` int(10) DEFAULT NULL,
  `sale_num` int(10) DEFAULT NULL,
  `good_parameter` varchar(255) DEFAULT NULL,
  PRIMARY KEY (`id`)
) ENGINE=InnoDB AUTO_INCREMENT=4 DEFAULT CHARSET=utf8;

-- ----------------------------
-- Records of goods
-- ----------------------------
INSERT INTO `goods` VALUES ('1', '12312111112311123', '波奇网伟嘉成猫猫粮10kg田园猫维嘉猫咪食品猫食猫干粮猫主粮20斤\r\n波奇网伟嘉成猫猫粮10kg田园猫维嘉猫咪食品猫食猫干粮猫主粮20斤', 'O1CN01bYVuVa27KpUKcOxAX_!!754897779.jpg', '150.00', '100.00', '波奇网伟嘉成猫猫粮10kg田园猫维嘉猫咪食品猫食猫干粮猫主粮20斤\r\n', '<div class=\"content ke-post\" style=\"height: auto;\"><p style=\"margin: 0.0px;\">&nbsp;</p> <p style=\"margin: 0.0px;\"><img align=\"absmiddle\" src=\"https://img.alicdn.com/imgextra/i3/754897779/TB2ufcRy9BYBeNjy0FeXXbnmFXa_!!754897779.jpg\" class=\"img-ks-lazyload\"><img align=\"absmiddle\" src=\"https://img.alicdn.com/imgextra/i2/754897779/TB2ISjuy29TBuNjy0FcXXbeiFXa_!!754897779.jpg\" class=\"img-ks-lazyload\"><img align=\"absmiddle\" src=\"https://img.alicdn.com/imgextra/i4/754897779/TB2av1.qLuSBuNkHFqDXXXfhVXa_!!754897779.jpg\" class=\"img-ks-lazyload\"><img align=\"absmiddle\" src=\"https://img.alicdn.com/imgextra/i1/754897779/TB2q6jYy7yWBuNjy0FpXXassXXa_!!754897779.jpg\" class=\"img-ks-lazyload\"><img align=\"absmiddle\" src=\"https://img.alicdn.com/imgextra/i4/754897779/TB2mwxXzhWYBuNjy1zkXXXGGpXa_!!754897779.jpg\" class=\"img-ks-lazyload\"><img align=\"absmiddle\" src=\"https://img.alicdn.com/imgextra/i3/754897779/TB2bpD9yYuWBuNjSszgXXb8jVXa_!!754897779.jpg\" class=\"img-ks-lazyload\"><img align=\"absmiddle\" src=\"https://img.alicdn.com/imgextra/i4/754897779/TB2d29.qLuSBuNkHFqDXXXfhVXa_!!754897779.jpg\" class=\"img-ks-lazyload\"><img align=\"absmiddle\" src=\"https://img.alicdn.com/imgextra/i4/754897779/TB2HN5MqIuYBuNkSmRyXXcA3pXa_!!754897779.jpg\" class=\"img-ks-lazyload\"></p> <p style=\"margin: 0.0cm 0.0cm 0.0pt;color: #595959;\"><span style=\"font-family: microsoft yahei;\"><span style=\"font-size: 18.0px;\"><span style=\"color: #444444;\"><font color=\"#000000\"></font></span></span></span></p> <div class=\"hlg_rand_1674280366\" style=\"opacity: 0;height: 0;width: 0;\"> 1049684672 </div></div>', '100', '2', '重量:10kg');
INSERT INTO `goods` VALUES ('2', '12313131222432131', '猫背包', 'O1CN014deOqc27KpUEJfDQs_!!754897779.jpg', '200.00', '120.00', '猫背包 ', '<div class=\"content ke-post\" style=\"height: auto;\"><p style=\"margin: 0.0px;\">&nbsp;</p> <p style=\"margin: 0.0px;\"><img align=\"absmiddle\" src=\"https://img.alicdn.com/imgextra/i3/754897779/TB2ufcRy9BYBeNjy0FeXXbnmFXa_!!754897779.jpg\" class=\"img-ks-lazyload\"><img align=\"absmiddle\" src=\"https://img.alicdn.com/imgextra/i2/754897779/TB2ISjuy29TBuNjy0FcXXbeiFXa_!!754897779.jpg\" class=\"img-ks-lazyload\"><img align=\"absmiddle\" src=\"https://img.alicdn.com/imgextra/i4/754897779/TB2av1.qLuSBuNkHFqDXXXfhVXa_!!754897779.jpg\" class=\"img-ks-lazyload\"><img align=\"absmiddle\" src=\"https://img.alicdn.com/imgextra/i1/754897779/TB2q6jYy7yWBuNjy0FpXXassXXa_!!754897779.jpg\" class=\"img-ks-lazyload\"><img align=\"absmiddle\" src=\"https://img.alicdn.com/imgextra/i4/754897779/TB2mwxXzhWYBuNjy1zkXXXGGpXa_!!754897779.jpg\" class=\"img-ks-lazyload\"><img align=\"absmiddle\" src=\"https://img.alicdn.com/imgextra/i3/754897779/TB2bpD9yYuWBuNjSszgXXb8jVXa_!!754897779.jpg\" class=\"img-ks-lazyload\"><img align=\"absmiddle\" src=\"https://img.alicdn.com/imgextra/i4/754897779/TB2d29.qLuSBuNkHFqDXXXfhVXa_!!754897779.jpg\" class=\"img-ks-lazyload\"><img align=\"absmiddle\" src=\"https://img.alicdn.com/imgextra/i4/754897779/TB2HN5MqIuYBuNkSmRyXXcA3pXa_!!754897779.jpg\" class=\"img-ks-lazyload\"></p> <p style=\"margin: 0.0cm 0.0cm 0.0pt;color: #595959;\"><span style=\"font-family: microsoft yahei;\"><span style=\"font-size: 18.0px;\"><span style=\"color: #444444;\"><font color=\"#000000\"></font></span></span></span></p> <div class=\"hlg_rand_1674280366\" style=\"opacity: 0;height: 0;width: 0;\"> 1049684672 </div></div>', '122', '1', '颜色:红色');
INSERT INTO `goods` VALUES ('3', '12313123245544431', '波奇网伟嘉成猫猫粮10kg田园猫维嘉猫咪食品猫食猫干粮猫主粮2伟嘉成猫猫粮20kg田园猫维嘉猫咪食品猫食', 'O1CN01bYVuVa27KpUKcOxAX_!!754897779.jpg', '100.00', '90.00', '波奇网伟嘉成猫猫粮10kg田园猫维嘉猫咪食品猫食猫干粮猫主粮2伟嘉成猫猫粮20kg田园猫维嘉猫咪食品猫食', '<div class=\"content ke-post\" style=\"height: auto;\"><p style=\"margin: 0.0px;\">&nbsp;</p> <p style=\"margin: 0.0px;\"><img align=\"absmiddle\" src=\"https://img.alicdn.com/imgextra/i3/754897779/TB2ufcRy9BYBeNjy0FeXXbnmFXa_!!754897779.jpg\" class=\"img-ks-lazyload\"><img align=\"absmiddle\" src=\"https://img.alicdn.com/imgextra/i2/754897779/TB2ISjuy29TBuNjy0FcXXbeiFXa_!!754897779.jpg\" class=\"img-ks-lazyload\"><img align=\"absmiddle\" src=\"https://img.alicdn.com/imgextra/i4/754897779/TB2av1.qLuSBuNkHFqDXXXfhVXa_!!754897779.jpg\" class=\"img-ks-lazyload\"><img align=\"absmiddle\" src=\"https://img.alicdn.com/imgextra/i1/754897779/TB2q6jYy7yWBuNjy0FpXXassXXa_!!754897779.jpg\" class=\"img-ks-lazyload\"><img align=\"absmiddle\" src=\"https://img.alicdn.com/imgextra/i4/754897779/TB2mwxXzhWYBuNjy1zkXXXGGpXa_!!754897779.jpg\" class=\"img-ks-lazyload\"><img align=\"absmiddle\" src=\"https://img.alicdn.com/imgextra/i3/754897779/TB2bpD9yYuWBuNjSszgXXb8jVXa_!!754897779.jpg\" class=\"img-ks-lazyload\"><img align=\"absmiddle\" src=\"https://img.alicdn.com/imgextra/i4/754897779/TB2d29.qLuSBuNkHFqDXXXfhVXa_!!754897779.jpg\" class=\"img-ks-lazyload\"><img align=\"absmiddle\" src=\"https://img.alicdn.com/imgextra/i4/754897779/TB2HN5MqIuYBuNkSmRyXXcA3pXa_!!754897779.jpg\" class=\"img-ks-lazyload\"></p> <p style=\"margin: 0.0cm 0.0cm 0.0pt;color: #595959;\"><span style=\"font-family: microsoft yahei;\"><span style=\"font-size: 18.0px;\"><span style=\"color: #444444;\"><font color=\"#000000\"></font></span></span></span></p> <div class=\"hlg_rand_1674280366\" style=\"opacity: 0;height: 0;width: 0;\"> 1049684672 </div></div>', '80', '3', '重量:20kg');

-- ----------------------------
-- Table structure for notice
-- ----------------------------
DROP TABLE IF EXISTS `notice`;
CREATE TABLE `notice` (
  `id` int(11) NOT NULL AUTO_INCREMENT,
  `notice_title` varchar(100) DEFAULT NULL,
  `notice_url` varchar(255) DEFAULT NULL,
  `notice_introduction` longtext,
  `notice_type` int(1) DEFAULT NULL,
  `create_time` datetime DEFAULT NULL,
  PRIMARY KEY (`id`)
) ENGINE=InnoDB AUTO_INCREMENT=5 DEFAULT CHARSET=utf8;

-- ----------------------------
-- Records of notice
-- ----------------------------
INSERT INTO `notice` VALUES ('1', '小宠小程序第一次上线', null, null, null, '2019-10-24 14:21:29');
INSERT INTO `notice` VALUES ('2', '猫粮全场8折优惠！！！', null, null, null, '2019-10-10 14:21:25');
INSERT INTO `notice` VALUES ('3', '用户资产', null, '<p style=\"white-space: normal;\"><span style=\"font-size: 14px;\">1、余额：用户可以用来支付订单金额、提现。<img src=\"http://img.baidu.com/hi/tsj/t_0001.gif\"/></span></p><p style=\"white-space: normal;\"><span style=\"font-size: 14px;\">2、优惠券：用户可以用于抵消订单金额，使用方式请详见优惠券说明，优惠券必须在有效时间内使用，过期作废。<img src=\"http://img.baidu.com/hi/tsj/t_0040.gif\"/></span></p><p style=\"white-space: normal;\"><span style=\"font-size: 14px;\">3、宠币: 宠币是一宠一种虚拟货币，兑换比例为1000宠币 = 10元，用户可以互相赠送，也可以用于抵消订单金额，满1000宠币才能使用。<img src=\"http://img.baidu.com/hi/tsj/t_0017.gif\"/></span></p><p><br/></p>', '2', '2020-02-02 22:40:52');
INSERT INTO `notice` VALUES ('4', '宠物疫苗', null, '<p><strong><span style=\"font-size: 12px;\">一 、猫科动物所注射的疫苗分为两种：常规和非常规。</span></strong></p><p><span style=\"font-size: 12px;\">&nbsp; &nbsp; &nbsp;1、常规疫苗：猫瘟疫苗(FPV)、猫疱疹病毒疫苗(FHV-1)、猫杯状病毒疫苗 (FCV)、狂犬疫苗</span></p><p><span style=\"font-size: 12px;\">&nbsp; &nbsp; &nbsp;2、非常规疫苗：猫白血病毒疫苗(FeLV)、氏杆菌疫苗、衣原体疫苗、皮肤真菌疫苗。<span style=\"color: rgb(51, 51, 51); font-family: arial; text-align: justify; background-color: rgb(255, 255, 255);\">一般来说，如果你家的猫咪是从街上收养的流浪猫，或是从领养中心来的猫咪，它之前生活的环境有可能十分糟糕，那么可能会感染一些传染性疾病,为了预防疾病发生，就需要打非常规疫苗。</span></span></p><p style=\"text-align: justify; \"><strong><span style=\"color:#333333;font-family:arial\"><span style=\"font-size: 12px; background-color: rgb(255, 255, 255);\">二 、<strong style=\"color: rgb(51, 51, 51); font-family: &quot;PingFang SC&quot;, &quot;Lantinghei SC&quot;, &quot;Microsoft YaHei&quot;, arial, 宋体, sans-serif, tahoma; white-space: normal;\">猫疫苗到底有几联</strong></span></span></strong></p><p style=\"text-align: justify; \"><strong><span style=\"color:#333333;font-family:arial\"><span style=\"font-size: 12px; background-color: rgb(255, 255, 255);\"><strong style=\"color: rgb(51, 51, 51); font-family: &quot;PingFang SC&quot;, &quot;Lantinghei SC&quot;, &quot;Microsoft YaHei&quot;, arial, 宋体, sans-serif, tahoma; white-space: normal;\"><span style=\"color: rgb(51, 51, 51); font-family: &quot;PingFang SC&quot;, &quot;Lantinghei SC&quot;, &quot;Microsoft YaHei&quot;, arial, 宋体, sans-serif, tahoma; font-size: 12px; background-color: rgb(255, 255, 255);\">&nbsp; &nbsp; &nbsp;</span></strong><span style=\"color: rgb(51, 51, 51); font-family: &quot;PingFang SC&quot;, &quot;Lantinghei SC&quot;, &quot;Microsoft YaHei&quot;, arial, 宋体, sans-serif, tahoma; font-size: 12px; background-color: rgb(255, 255, 255);\">&nbsp;</span></span></span></strong><span style=\"font-size: 12px;\">1、</span><span style=\"color:#333333;font-family:arial\"><span style=\"font-size: 12px; background-color: rgb(255, 255, 255);\"><span style=\"color: rgb(51, 51, 51); font-family: &quot;PingFang SC&quot;, &quot;Lantinghei SC&quot;, &quot;Microsoft YaHei&quot;, arial, 宋体, sans-serif, tahoma; font-size: 12px; background-color: rgb(255, 255, 255);\">猫三联疫苗是进口的猫瘟疫苗，为国际上通用的产品，预防猫瘟热（猫泛白细胞减少病）、猫杯状病毒感染和传染性鼻气管炎。免疫接种方法：2个月以上的猫需免疫（肌肉注射）2次，间隔2～3周；以后，每年免疫注射1次。此疫苗目前临床上反映效果确实。</span></span></span></p><p style=\"text-align: justify; \"><span style=\"color:#333333;font-family:arial\"><span style=\"font-size: 12px; background-color: rgb(255, 255, 255);\"><span style=\"color: rgb(51, 51, 51); font-family: &quot;PingFang SC&quot;, &quot;Lantinghei SC&quot;, &quot;Microsoft YaHei&quot;, arial, 宋体, sans-serif, tahoma; font-size: 12px; background-color: rgb(255, 255, 255);\"><span style=\"color: rgb(51, 51, 51); font-family: &quot;PingFang SC&quot;, &quot;Lantinghei SC&quot;, &quot;Microsoft YaHei&quot;, arial, 宋体, sans-serif, tahoma; font-size: 12px; background-color: rgb(255, 255, 255);\">&nbsp; &nbsp; &nbsp; 2、狂犬病疫苗有国产和进口的两种产品，用于预防狂犬病的发生。免疫接种方法：3个月以上的猫即可免疫注射，保护期为1年，每年应接种1次。从临床效果上看，进口和国产狂犬疫苗效果均较好。</span></span></span></span></p><p style=\"text-align: justify; \"><span style=\"color:#333333;font-family:arial\"><span style=\"font-size: 12px; background-color: rgb(255, 255, 255);\"><span style=\"color: rgb(51, 51, 51); font-family: &quot;PingFang SC&quot;, &quot;Lantinghei SC&quot;, &quot;Microsoft YaHei&quot;, arial, 宋体, sans-serif, tahoma; font-size: 12px; background-color: rgb(255, 255, 255);\"><span style=\"color: rgb(51, 51, 51); font-family: &quot;PingFang SC&quot;, &quot;Lantinghei SC&quot;, &quot;Microsoft YaHei&quot;, arial, 宋体, sans-serif, tahoma; font-size: 12px; background-color: rgb(255, 255, 255);\"><span style=\"color: rgb(51, 51, 51); font-family: &quot;PingFang SC&quot;, &quot;Lantinghei SC&quot;, &quot;Microsoft YaHei&quot;, arial, 宋体, sans-serif, tahoma; font-size: 12px; background-color: rgb(255, 255, 255);\">&nbsp; &nbsp; &nbsp; 3、国产猫二联疫苗,预防猫瘟热和狂犬病。 免疫接种方法：它是一种灭活的细胞疫苗，3～4月龄的幼猫即可接种，首次接种应注射三次，每次间隔3到4周；1岁以上猫咪首次注射2次，每次间隔3到4周；以后每年注射2次。</span></span></span></span></span></p><p style=\"text-align: justify; \"><span style=\"color:#333333;font-family:arial\"><span style=\"font-size: 12px; background-color: rgb(255, 255, 255);\"><span style=\"color: rgb(51, 51, 51); font-family: &quot;PingFang SC&quot;, &quot;Lantinghei SC&quot;, &quot;Microsoft YaHei&quot;, arial, 宋体, sans-serif, tahoma; font-size: 12px; background-color: rgb(255, 255, 255);\"><span style=\"color: rgb(51, 51, 51); font-family: &quot;PingFang SC&quot;, &quot;Lantinghei SC&quot;, &quot;Microsoft YaHei&quot;, arial, 宋体, sans-serif, tahoma; font-size: 12px; background-color: rgb(255, 255, 255);\"><span style=\"color: rgb(51, 51, 51); font-family: &quot;PingFang SC&quot;, &quot;Lantinghei SC&quot;, &quot;Microsoft YaHei&quot;, arial, 宋体, sans-serif, tahoma; font-size: 12px; background-color: rgb(255, 255, 255);\"><span style=\"color: rgb(51, 51, 51); font-family: &quot;PingFang SC&quot;, &quot;Lantinghei SC&quot;, &quot;Microsoft YaHei&quot;, arial, 宋体, sans-serif, tahoma; background-color: rgb(255, 255, 255);\">&nbsp;三</span><strong style=\"color: rgb(51, 51, 51); font-family: &quot;PingFang SC&quot;, &quot;Lantinghei SC&quot;, &quot;Microsoft YaHei&quot;, arial, 宋体, sans-serif, tahoma; white-space: normal; background-color: rgb(255, 255, 255);\">、猫咪注射疫苗注意事项</strong></span></span></span></span></span></p><p style=\"text-align: justify; \"><span style=\"color:#333333;font-family:arial\"><span style=\"font-size: 12px; background-color: rgb(255, 255, 255);\"><span style=\"color: rgb(51, 51, 51); font-family: &quot;PingFang SC&quot;, &quot;Lantinghei SC&quot;, &quot;Microsoft YaHei&quot;, arial, 宋体, sans-serif, tahoma; font-size: 12px; background-color: rgb(255, 255, 255);\"><span style=\"color: rgb(51, 51, 51); font-family: &quot;PingFang SC&quot;, &quot;Lantinghei SC&quot;, &quot;Microsoft YaHei&quot;, arial, 宋体, sans-serif, tahoma; font-size: 12px; background-color: rgb(255, 255, 255);\"><span style=\"color: rgb(51, 51, 51); font-family: &quot;PingFang SC&quot;, &quot;Lantinghei SC&quot;, &quot;Microsoft YaHei&quot;, arial, 宋体, sans-serif, tahoma; font-size: 12px; background-color: rgb(255, 255, 255);\">&nbsp;&nbsp;&nbsp;&nbsp;&nbsp; 1、<span style=\"color: rgb(51, 51, 51); font-family: &quot;PingFang SC&quot;, &quot;Lantinghei SC&quot;, &quot;Microsoft YaHei&quot;, arial, 宋体, sans-serif, tahoma; background-color: rgb(255, 255, 255);\">应严格按照厂家疫苗说明书上的说明，按时按次按量给身体健康的犬猫打疫苗，最好不给妊娠母犬猫注射弱毒疫苗；</span></span></span></span></span></span></p><p style=\"text-align: justify; \"><span style=\"color:#333333;font-family:arial\"><span style=\"font-size: 12px; background-color: rgb(255, 255, 255);\"><span style=\"color: rgb(51, 51, 51); font-family: &quot;PingFang SC&quot;, &quot;Lantinghei SC&quot;, &quot;Microsoft YaHei&quot;, arial, 宋体, sans-serif, tahoma; font-size: 12px; background-color: rgb(255, 255, 255);\"><span style=\"color: rgb(51, 51, 51); font-family: &quot;PingFang SC&quot;, &quot;Lantinghei SC&quot;, &quot;Microsoft YaHei&quot;, arial, 宋体, sans-serif, tahoma; font-size: 12px; background-color: rgb(255, 255, 255);\"><span style=\"color: rgb(51, 51, 51); font-family: &quot;PingFang SC&quot;, &quot;Lantinghei SC&quot;, &quot;Microsoft YaHei&quot;, arial, 宋体, sans-serif, tahoma; font-size: 12px; background-color: rgb(255, 255, 255);\"><span style=\"color: rgb(51, 51, 51); font-family: &quot;PingFang SC&quot;, &quot;Lantinghei SC&quot;, &quot;Microsoft YaHei&quot;, arial, 宋体, sans-serif, tahoma; background-color: rgb(255, 255, 255);\"><span style=\"color: rgb(51, 51, 51); font-family: &quot;PingFang SC&quot;, &quot;Lantinghei SC&quot;, &quot;Microsoft YaHei&quot;, arial, 宋体, sans-serif, tahoma; background-color: rgb(255, 255, 255);\">&nbsp; &nbsp; &nbsp; 2、不到注射疫苗年龄的幼犬猫，一般不能进行注射。</span></span></span></span></span></span></span></p><p style=\"text-align: justify; \"><span style=\"color:#333333;font-family:arial\"><span style=\"font-size: 12px; background-color: rgb(255, 255, 255);\"><span style=\"color: rgb(51, 51, 51); font-family: &quot;PingFang SC&quot;, &quot;Lantinghei SC&quot;, &quot;Microsoft YaHei&quot;, arial, 宋体, sans-serif, tahoma; font-size: 12px; background-color: rgb(255, 255, 255);\"><span style=\"color: rgb(51, 51, 51); font-family: &quot;PingFang SC&quot;, &quot;Lantinghei SC&quot;, &quot;Microsoft YaHei&quot;, arial, 宋体, sans-serif, tahoma; font-size: 12px; background-color: rgb(255, 255, 255);\"><span style=\"color: rgb(51, 51, 51); font-family: &quot;PingFang SC&quot;, &quot;Lantinghei SC&quot;, &quot;Microsoft YaHei&quot;, arial, 宋体, sans-serif, tahoma; font-size: 12px; background-color: rgb(255, 255, 255);\"><span style=\"color: rgb(51, 51, 51); font-family: &quot;PingFang SC&quot;, &quot;Lantinghei SC&quot;, &quot;Microsoft YaHei&quot;, arial, 宋体, sans-serif, tahoma; background-color: rgb(255, 255, 255);\"><span style=\"color: rgb(51, 51, 51); font-family: &quot;PingFang SC&quot;, &quot;Lantinghei SC&quot;, &quot;Microsoft YaHei&quot;, arial, 宋体, sans-serif, tahoma; background-color: rgb(255, 255, 255);\"><span style=\"color: rgb(51, 51, 51); font-family: &quot;PingFang SC&quot;, &quot;Lantinghei SC&quot;, &quot;Microsoft YaHei&quot;, arial, 宋体, sans-serif, tahoma; font-size: 12px; text-align: justify; background-color: rgb(255, 255, 255);\">&nbsp; &nbsp; &nbsp; 3、饲养在家中不外出的犬猫，仍须注射疫苗。因为犬猫不外出，但家中主人外出，可能会把病原带回家中，感染犬猫发病。</span></span></span></span></span></span></span></span></p><p style=\"text-align: justify; \"><span style=\"color:#333333;font-family:arial\"><span style=\"font-size: 12px; background-color: rgb(255, 255, 255);\"><span style=\"color: rgb(51, 51, 51); font-family: &quot;PingFang SC&quot;, &quot;Lantinghei SC&quot;, &quot;Microsoft YaHei&quot;, arial, 宋体, sans-serif, tahoma; font-size: 12px; background-color: rgb(255, 255, 255);\"><span style=\"color: rgb(51, 51, 51); font-family: &quot;PingFang SC&quot;, &quot;Lantinghei SC&quot;, &quot;Microsoft YaHei&quot;, arial, 宋体, sans-serif, tahoma; font-size: 12px; background-color: rgb(255, 255, 255);\"><span style=\"color: rgb(51, 51, 51); font-family: &quot;PingFang SC&quot;, &quot;Lantinghei SC&quot;, &quot;Microsoft YaHei&quot;, arial, 宋体, sans-serif, tahoma; font-size: 12px; background-color: rgb(255, 255, 255);\"><span style=\"color: rgb(51, 51, 51); font-family: &quot;PingFang SC&quot;, &quot;Lantinghei SC&quot;, &quot;Microsoft YaHei&quot;, arial, 宋体, sans-serif, tahoma; background-color: rgb(255, 255, 255);\">&nbsp; &nbsp; &nbsp; 4<span style=\"color: rgb(51, 51, 51); font-family: &quot;PingFang SC&quot;, &quot;Lantinghei SC&quot;, &quot;Microsoft YaHei&quot;, arial, 宋体, sans-serif, tahoma; background-color: rgb(255, 255, 255);\">、注射疫苗前要体检和驱虫，这样才能收到较好的免疫效果。生病和身体不健康的瘦弱犬猫不能注射。</span></span></span></span></span></span></span></p><p style=\"text-align: justify; \"><span style=\"color:#333333;font-family:arial\"><span style=\"font-size: 12px; background-color: rgb(255, 255, 255);\"><span style=\"color: rgb(51, 51, 51); font-family: &quot;PingFang SC&quot;, &quot;Lantinghei SC&quot;, &quot;Microsoft YaHei&quot;, arial, 宋体, sans-serif, tahoma; font-size: 12px; background-color: rgb(255, 255, 255);\"><span style=\"color: rgb(51, 51, 51); font-family: &quot;PingFang SC&quot;, &quot;Lantinghei SC&quot;, &quot;Microsoft YaHei&quot;, arial, 宋体, sans-serif, tahoma; font-size: 12px; background-color: rgb(255, 255, 255);\"><span style=\"color: rgb(51, 51, 51); font-family: &quot;PingFang SC&quot;, &quot;Lantinghei SC&quot;, &quot;Microsoft YaHei&quot;, arial, 宋体, sans-serif, tahoma; font-size: 12px; background-color: rgb(255, 255, 255);\"><span style=\"color: rgb(51, 51, 51); font-family: &quot;PingFang SC&quot;, &quot;Lantinghei SC&quot;, &quot;Microsoft YaHei&quot;, arial, 宋体, sans-serif, tahoma; background-color: rgb(255, 255, 255);\"><span style=\"color: rgb(51, 51, 51); font-family: &quot;PingFang SC&quot;, &quot;Lantinghei SC&quot;, &quot;Microsoft YaHei&quot;, arial, 宋体, sans-serif, tahoma; background-color: rgb(255, 255, 255);\"><span style=\"color: rgb(51, 51, 51); font-family: &quot;PingFang SC&quot;, &quot;Lantinghei SC&quot;, &quot;Microsoft YaHei&quot;, arial, 宋体, sans-serif, tahoma; background-color: rgb(255, 255, 255);\">&nbsp; &nbsp; &nbsp; 5、刚买来或朋友送给的犬猫，尤其是刚从市场上买来的犬猫，由于可能接触了病犬猫染上疾病，又到一个新环境新家，一般不宜马上进行疫苗注射。</span></span></span></span></span></span></span></span></p><p style=\"text-align: justify; \"><span style=\"color:#333333;font-family:arial\"><span style=\"font-size: 12px; background-color: rgb(255, 255, 255);\"><span style=\"color: rgb(51, 51, 51); font-family: &quot;PingFang SC&quot;, &quot;Lantinghei SC&quot;, &quot;Microsoft YaHei&quot;, arial, 宋体, sans-serif, tahoma; font-size: 12px; background-color: rgb(255, 255, 255);\"><span style=\"color: rgb(51, 51, 51); font-family: &quot;PingFang SC&quot;, &quot;Lantinghei SC&quot;, &quot;Microsoft YaHei&quot;, arial, 宋体, sans-serif, tahoma; font-size: 12px; background-color: rgb(255, 255, 255);\"><span style=\"color: rgb(51, 51, 51); font-family: &quot;PingFang SC&quot;, &quot;Lantinghei SC&quot;, &quot;Microsoft YaHei&quot;, arial, 宋体, sans-serif, tahoma; font-size: 12px; background-color: rgb(255, 255, 255);\"><span style=\"color: rgb(51, 51, 51); font-family: &quot;PingFang SC&quot;, &quot;Lantinghei SC&quot;, &quot;Microsoft YaHei&quot;, arial, 宋体, sans-serif, tahoma; background-color: rgb(255, 255, 255);\"><span style=\"color: rgb(51, 51, 51); font-family: &quot;PingFang SC&quot;, &quot;Lantinghei SC&quot;, &quot;Microsoft YaHei&quot;, arial, 宋体, sans-serif, tahoma; background-color: rgb(255, 255, 255);\"><span style=\"color: rgb(51, 51, 51); font-family: &quot;PingFang SC&quot;, &quot;Lantinghei SC&quot;, &quot;Microsoft YaHei&quot;, arial, 宋体, sans-serif, tahoma; background-color: rgb(255, 255, 255);\">&nbsp;&nbsp;&nbsp;&nbsp;&nbsp;&nbsp;&nbsp;&nbsp;&nbsp;&nbsp;&nbsp;解决方法可以先注射预防血清，预防血清具有两周左右的免疫功能。两周以后，待犬猫身体养壮，又适应了新环境后，经过体检和适龄驱虫，再进行疫苗注射。</span></span></span></span></span></span></span></span></p><p style=\"text-align: justify; \"><span style=\"color:#333333;font-family:arial\"><span style=\"font-size: 12px; background-color: rgb(255, 255, 255);\"><span style=\"color: rgb(51, 51, 51); font-family: &quot;PingFang SC&quot;, &quot;Lantinghei SC&quot;, &quot;Microsoft YaHei&quot;, arial, 宋体, sans-serif, tahoma; font-size: 12px; background-color: rgb(255, 255, 255);\"><span style=\"color: rgb(51, 51, 51); font-family: &quot;PingFang SC&quot;, &quot;Lantinghei SC&quot;, &quot;Microsoft YaHei&quot;, arial, 宋体, sans-serif, tahoma; font-size: 12px; background-color: rgb(255, 255, 255);\"><span style=\"color: rgb(51, 51, 51); font-family: &quot;PingFang SC&quot;, &quot;Lantinghei SC&quot;, &quot;Microsoft YaHei&quot;, arial, 宋体, sans-serif, tahoma; font-size: 12px; background-color: rgb(255, 255, 255);\"><span style=\"color: rgb(51, 51, 51); font-family: &quot;PingFang SC&quot;, &quot;Lantinghei SC&quot;, &quot;Microsoft YaHei&quot;, arial, 宋体, sans-serif, tahoma; background-color: rgb(255, 255, 255);\"><span style=\"color: rgb(51, 51, 51); font-family: &quot;PingFang SC&quot;, &quot;Lantinghei SC&quot;, &quot;Microsoft YaHei&quot;, arial, 宋体, sans-serif, tahoma; background-color: rgb(255, 255, 255);\"><span style=\"color: rgb(51, 51, 51); font-family: &quot;PingFang SC&quot;, &quot;Lantinghei SC&quot;, &quot;Microsoft YaHei&quot;, arial, 宋体, sans-serif, tahoma; background-color: rgb(255, 255, 255);\"><span style=\"color: rgb(51, 51, 51); font-family: &quot;PingFang SC&quot;, &quot;Lantinghei SC&quot;, &quot;Microsoft YaHei&quot;, arial, 宋体, sans-serif, tahoma; background-color: rgb(255, 255, 255);\"><span style=\"color: rgb(51, 51, 51); font-family: &quot;PingFang SC&quot;, &quot;Lantinghei SC&quot;, &quot;Microsoft YaHei&quot;, arial, 宋体, sans-serif, tahoma; background-color: rgb(255, 255, 255);\">&nbsp; &nbsp; &nbsp; 6、周围环境好，免疫效果就好</span><span style=\"color: rgb(51, 51, 51); font-family: &quot;PingFang SC&quot;, &quot;Lantinghei SC&quot;, &quot;Microsoft YaHei&quot;, arial, 宋体, sans-serif, tahoma; background-color: rgb(255, 255, 255);\">。如果环境过冷、过热、湿度过大、通风不良或新环境等，都能引起犬猫不同程序的应激反应，导致犬猫对疫苗的免疫应答能力下降，打疫苗后不能取得相应的免疫效果或获得较好的免疫抗病能力。因此，疫苗免疫注射，最好在春季或秋季进行。</span></span></span></span></span></span></span></span></span></span></p><p style=\"text-align: justify; \"><span style=\"color:#333333;font-family:arial\"><span style=\"font-size: 12px; background-color: rgb(255, 255, 255);\"><span style=\"color: rgb(51, 51, 51); font-family: &quot;PingFang SC&quot;, &quot;Lantinghei SC&quot;, &quot;Microsoft YaHei&quot;, arial, 宋体, sans-serif, tahoma; font-size: 12px; background-color: rgb(255, 255, 255);\"><span style=\"color: rgb(51, 51, 51); font-family: &quot;PingFang SC&quot;, &quot;Lantinghei SC&quot;, &quot;Microsoft YaHei&quot;, arial, 宋体, sans-serif, tahoma; font-size: 12px; background-color: rgb(255, 255, 255);\"><span style=\"color: rgb(51, 51, 51); font-family: &quot;PingFang SC&quot;, &quot;Lantinghei SC&quot;, &quot;Microsoft YaHei&quot;, arial, 宋体, sans-serif, tahoma; font-size: 12px; background-color: rgb(255, 255, 255);\"><span style=\"color: rgb(51, 51, 51); font-family: &quot;PingFang SC&quot;, &quot;Lantinghei SC&quot;, &quot;Microsoft YaHei&quot;, arial, 宋体, sans-serif, tahoma; background-color: rgb(255, 255, 255);\"><span style=\"color: rgb(51, 51, 51); font-family: &quot;PingFang SC&quot;, &quot;Lantinghei SC&quot;, &quot;Microsoft YaHei&quot;, arial, 宋体, sans-serif, tahoma; background-color: rgb(255, 255, 255);\"><span style=\"color: rgb(51, 51, 51); font-family: &quot;PingFang SC&quot;, &quot;Lantinghei SC&quot;, &quot;Microsoft YaHei&quot;, arial, 宋体, sans-serif, tahoma; background-color: rgb(255, 255, 255);\"><span style=\"color: rgb(51, 51, 51); font-family: &quot;PingFang SC&quot;, &quot;Lantinghei SC&quot;, &quot;Microsoft YaHei&quot;, arial, 宋体, sans-serif, tahoma; background-color: rgb(255, 255, 255);\"><br/></span></span></span></span></span></span></span></span></span></p><p><span style=\"font-size: 12px;\">&nbsp;&nbsp;&nbsp;&nbsp;</span><br/></p>', '3', '2020-02-05 14:10:50');

-- ----------------------------
-- Table structure for pet_comment
-- ----------------------------
DROP TABLE IF EXISTS `pet_comment`;
CREATE TABLE `pet_comment` (
  `id` int(11) NOT NULL AUTO_INCREMENT,
  `comment_open_id` varchar(50) DEFAULT NULL,
  `pet_id` int(50) DEFAULT NULL,
  `comment_info` varchar(255) DEFAULT NULL,
  `reply_comment_id` int(50) DEFAULT NULL,
  `reply_open_id` varchar(50) DEFAULT NULL,
  `zan` int(50) DEFAULT NULL,
  `create_time` datetime DEFAULT NULL,
  PRIMARY KEY (`id`)
) ENGINE=InnoDB AUTO_INCREMENT=25 DEFAULT CHARSET=utf8mb4;

-- ----------------------------
-- Records of pet_comment
-- ----------------------------
INSERT INTO `pet_comment` VALUES ('1', 'otIY-5UYqY6dFhhMhvaDsTQXwnfo', '4', '很好', '0', 'otIY-5cD9gLRavSgWF_YIS1sCpAY', null, '2020-01-26 21:45:32');
INSERT INTO `pet_comment` VALUES ('2', 'otIY-5UYqY6dFhhMhvaDsTQXwnfo', '4', '好', '0', 'otIY-5cD9gLRavSgWF_YIS1sCpAY', null, '2020-01-26 22:00:11');
INSERT INTO `pet_comment` VALUES ('3', 'otIY-5cD9gLRavSgWF_YIS1sCpAY', '4', '真的吗', '1', 'otIY-5UYqY6dFhhMhvaDsTQXwnfo', null, '2020-01-26 22:10:18');
INSERT INTO `pet_comment` VALUES ('4', 'otIY-5cD9gLRavSgWF_YIS1sCpAY', '4', '我看到了', '1', 'otIY-5UYqY6dFhhMhvaDsTQXwnfo', null, '2020-01-27 14:43:53');
INSERT INTO `pet_comment` VALUES ('5', 'otIY-5cD9gLRavSgWF_YIS1sCpAY', '4', '我是jary 自己家养的猫 好久了', '1', 'otIY-5UYqY6dFhhMhvaDsTQXwnfo', null, '2020-01-27 21:38:50');
INSERT INTO `pet_comment` VALUES ('6', 'otIY-5cD9gLRavSgWF_YIS1sCpAY', '4', '真的是超级可爱啊  好胖  求教怎么养的啊  平时都给他吃什么猫粮', '2', 'otIY-5UYqY6dFhhMhvaDsTQXwnfo', null, '2020-01-27 21:45:46');
INSERT INTO `pet_comment` VALUES ('7', 'otIY-5cD9gLRavSgWF_YIS1sCpAY', '5', '真棒', '0', 'otIY-5cD9gLRavSgWF_YIS1sCpAY', null, '2020-01-27 21:47:51');
INSERT INTO `pet_comment` VALUES ('8', 'otIY-5cD9gLRavSgWF_YIS1sCpAY', '5', '很可爱', '0', 'otIY-5cD9gLRavSgWF_YIS1sCpAY', null, '2020-01-27 21:48:08');
INSERT INTO `pet_comment` VALUES ('9', 'otIY-5cD9gLRavSgWF_YIS1sCpAY', '5', '怎么样', '0', 'otIY-5cD9gLRavSgWF_YIS1sCpAY', null, '2020-01-27 21:48:23');
INSERT INTO `pet_comment` VALUES ('11', 'otIY-5cD9gLRavSgWF_YIS1sCpAY', '5', '怎么样范德萨发', '8', 'otIY-5cD9gLRavSgWF_YIS1sCpAY', null, '2020-01-27 21:48:52');
INSERT INTO `pet_comment` VALUES ('13', 'otIY-5cD9gLRavSgWF_YIS1sCpAY', '5', '怎么样范德萨发s', '7', 'otIY-5cD9gLRavSgWF_YIS1sCpAY', null, '2020-01-27 21:49:22');
INSERT INTO `pet_comment` VALUES ('14', 'otIY-5cD9gLRavSgWF_YIS1sCpAY', '4', '手机 哈哈', '0', 'otIY-5cD9gLRavSgWF_YIS1sCpAY', null, '2020-01-27 22:22:13');
INSERT INTO `pet_comment` VALUES ('15', 'otIY-5cD9gLRavSgWF_YIS1sCpAY', '4', '特别棒', '2', 'otIY-5UYqY6dFhhMhvaDsTQXwnfo', null, '2020-01-27 22:22:39');
INSERT INTO `pet_comment` VALUES ('16', 'otIY-5cD9gLRavSgWF_YIS1sCpAY', '4', '小妖 可以啊', '14', 'otIY-5cD9gLRavSgWF_YIS1sCpAY', null, '2020-01-27 22:22:59');
INSERT INTO `pet_comment` VALUES ('17', 'otIY-5cD9gLRavSgWF_YIS1sCpAY', '4', '以前', '0', 'otIY-5cD9gLRavSgWF_YIS1sCpAY', null, '2020-01-27 22:33:46');
INSERT INTO `pet_comment` VALUES ('19', 'otIY-5cD9gLRavSgWF_YIS1sCpAY', '6', '很帅气啊  哈哈', '0', 'otIY-5cD9gLRavSgWF_YIS1sCpAY', null, '2020-01-27 23:22:04');
INSERT INTO `pet_comment` VALUES ('20', 'otIY-5cD9gLRavSgWF_YIS1sCpAY', '6', '哈哈', '19', 'otIY-5cD9gLRavSgWF_YIS1sCpAY', null, '2020-01-27 23:22:23');
INSERT INTO `pet_comment` VALUES ('21', 'otIY-5cD9gLRavSgWF_YIS1sCpAY', '6', 'wo', '0', 'otIY-5cD9gLRavSgWF_YIS1sCpAY', null, '2020-01-29 16:04:54');
INSERT INTO `pet_comment` VALUES ('22', 'otIY-5cD9gLRavSgWF_YIS1sCpAY', '6', '我知道  哈哈', '21', 'otIY-5cD9gLRavSgWF_YIS1sCpAY', null, '2020-01-29 16:05:09');
INSERT INTO `pet_comment` VALUES ('23', 'otIY-5cD9gLRavSgWF_YIS1sCpAY', '9', '我来了', '0', 'otIY-5cD9gLRavSgWF_YIS1sCpAY', null, '2020-01-31 02:15:57');
INSERT INTO `pet_comment` VALUES ('24', 'otIY-5cD9gLRavSgWF_YIS1sCpAY', '9', '扯', '23', 'otIY-5cD9gLRavSgWF_YIS1sCpAY', null, '2020-01-31 02:16:11');

-- ----------------------------
-- Table structure for pet_comment_community
-- ----------------------------
DROP TABLE IF EXISTS `pet_comment_community`;
CREATE TABLE `pet_comment_community` (
  `id` int(20) NOT NULL AUTO_INCREMENT,
  `comment_id` int(20) DEFAULT NULL,
  `create_at` datetime DEFAULT NULL,
  `zan_num` int(20) DEFAULT NULL,
  `open_id` varchar(50) DEFAULT NULL,
  `nick_name` varchar(50) DEFAULT NULL,
  `avatar_url` varchar(255) DEFAULT NULL,
  `content` varchar(500) DEFAULT NULL,
  PRIMARY KEY (`id`)
) ENGINE=InnoDB AUTO_INCREMENT=28 DEFAULT CHARSET=utf8;

-- ----------------------------
-- Records of pet_comment_community
-- ----------------------------
INSERT INTO `pet_comment_community` VALUES ('1', '1', '2019-07-18 20:31:52', '12', 'otIY-5cD9gLRavSgWF_YIS1sCpAY', 'jary ?', 'https://wx.qlogo.cn/mmopen/vi_32/Q0j4TwGTfTLDVQKU5g7ic2YkDX2OPKb0DE3z3icGC8nEsI8184faEs4RTBI2T9LqU8yxqKDWibuw8licwYqFv4BSUw/132', '很棒的帖子');
INSERT INTO `pet_comment_community` VALUES ('5', '1', '2019-09-04 16:40:10', '0', 'otIY-5cD9gLRavSgWF_YIS1sCpAY', null, null, 'ewqr');
INSERT INTO `pet_comment_community` VALUES ('6', '1', '2019-09-04 16:40:54', '0', 'otIY-5cD9gLRavSgWF_YIS1sCpAY', null, null, 'dsa');
INSERT INTO `pet_comment_community` VALUES ('7', '1', '2019-09-04 16:42:04', '0', 'otIY-5cD9gLRavSgWF_YIS1sCpAY', null, null, 'fdsa');
INSERT INTO `pet_comment_community` VALUES ('8', '2', '2019-09-06 18:17:30', '0', 'otIY-5cD9gLRavSgWF_YIS1sCpAY', null, null, 'fsdafds');
INSERT INTO `pet_comment_community` VALUES ('9', '2', '2019-09-06 18:17:32', '0', 'otIY-5cD9gLRavSgWF_YIS1sCpAY', null, null, 'fdsafdsa');
INSERT INTO `pet_comment_community` VALUES ('10', '3', '2019-09-09 15:06:55', '0', 'otIY-5cD9gLRavSgWF_YIS1sCpAY', null, null, 'sda');
INSERT INTO `pet_comment_community` VALUES ('11', '3', '2019-09-09 15:06:57', '0', 'otIY-5cD9gLRavSgWF_YIS1sCpAY', null, null, 'fdsaf');
INSERT INTO `pet_comment_community` VALUES ('12', '3', '2019-09-09 17:58:59', '0', '', null, null, 'dfasd');
INSERT INTO `pet_comment_community` VALUES ('13', '4', '2019-09-10 10:58:49', '0', '', null, null, 'fd');
INSERT INTO `pet_comment_community` VALUES ('14', '1', '2019-09-20 15:32:42', '0', 'otIY-5cD9gLRavSgWF_YIS1sCpAY', null, null, '喜欢你');
INSERT INTO `pet_comment_community` VALUES ('15', '1', '2019-09-20 15:32:57', '0', 'otIY-5cD9gLRavSgWF_YIS1sCpAY', null, null, '喜欢你');
INSERT INTO `pet_comment_community` VALUES ('16', '1', '2019-11-20 12:44:33', '0', '', null, null, 'd');
INSERT INTO `pet_comment_community` VALUES ('17', '1', '2019-11-20 12:45:22', '0', 'otIY-5cD9gLRavSgWF_YIS1sCpAY', null, null, 'FSA');
INSERT INTO `pet_comment_community` VALUES ('18', '1', '2019-11-20 12:45:24', '0', 'otIY-5cD9gLRavSgWF_YIS1sCpAY', null, null, 'FSA');
INSERT INTO `pet_comment_community` VALUES ('19', '1', '2019-11-20 12:45:24', '0', 'otIY-5cD9gLRavSgWF_YIS1sCpAY', null, null, 'FSA');
INSERT INTO `pet_comment_community` VALUES ('20', '1', '2019-11-20 12:45:24', '0', 'otIY-5cD9gLRavSgWF_YIS1sCpAY', null, null, 'FSA');
INSERT INTO `pet_comment_community` VALUES ('21', '1', '2019-11-20 12:45:25', '0', 'otIY-5cD9gLRavSgWF_YIS1sCpAY', null, null, 'FSA');
INSERT INTO `pet_comment_community` VALUES ('22', '1', '2019-11-20 12:45:25', '0', 'otIY-5cD9gLRavSgWF_YIS1sCpAY', null, null, 'FSA');
INSERT INTO `pet_comment_community` VALUES ('23', '1', '2019-11-20 12:46:26', '0', 'otIY-5cD9gLRavSgWF_YIS1sCpAY', null, null, 'FSAD');
INSERT INTO `pet_comment_community` VALUES ('24', '1', '2019-11-20 12:46:42', '0', 'otIY-5cD9gLRavSgWF_YIS1sCpAY', null, null, 'FSA');
INSERT INTO `pet_comment_community` VALUES ('25', '1', '2019-11-20 12:58:27', '0', 'otIY-5cD9gLRavSgWF_YIS1sCpAY', null, null, 'fsad');
INSERT INTO `pet_comment_community` VALUES ('26', '18', '2019-11-20 14:30:08', '0', 'otIY-5cD9gLRavSgWF_YIS1sCpAY', null, null, '霸气');
INSERT INTO `pet_comment_community` VALUES ('27', '23', '2020-01-31 16:54:33', '0', 'otIY-5cD9gLRavSgWF_YIS1sCpAY', null, null, '很好');

-- ----------------------------
-- Table structure for pet_community_like
-- ----------------------------
DROP TABLE IF EXISTS `pet_community_like`;
CREATE TABLE `pet_community_like` (
  `id` int(100) NOT NULL AUTO_INCREMENT,
  `like_open_id` varchar(50) DEFAULT NULL,
  `like_type` int(2) DEFAULT NULL COMMENT '点赞类型（1 喂养帖  2 宠物社区贴  3 用户回复）',
  `like_id` int(11) DEFAULT NULL,
  PRIMARY KEY (`id`)
) ENGINE=InnoDB AUTO_INCREMENT=72 DEFAULT CHARSET=utf8;

-- ----------------------------
-- Records of pet_community_like
-- ----------------------------
INSERT INTO `pet_community_like` VALUES ('63', 'otIY-5cD9gLRavSgWF_YIS1sCpAY', '2', '1');
INSERT INTO `pet_community_like` VALUES ('64', 'otIY-5cD9gLRavSgWF_YIS1sCpAY', '3', '18');
INSERT INTO `pet_community_like` VALUES ('65', 'otIY-5cD9gLRavSgWF_YIS1sCpAY', '3', '17');
INSERT INTO `pet_community_like` VALUES ('66', 'otIY-5cD9gLRavSgWF_YIS1sCpAY', '3', '27');
INSERT INTO `pet_community_like` VALUES ('67', 'otIY-5cD9gLRavSgWF_YIS1sCpAY', '2', '18');
INSERT INTO `pet_community_like` VALUES ('68', 'otIY-5cD9gLRavSgWF_YIS1sCpAY', '2', '2');
INSERT INTO `pet_community_like` VALUES ('69', 'otIY-5cD9gLRavSgWF_YIS1sCpAY', '3', '9');
INSERT INTO `pet_community_like` VALUES ('70', 'otIY-5cD9gLRavSgWF_YIS1sCpAY', '3', '8');
INSERT INTO `pet_community_like` VALUES ('71', 'otIY-5cD9gLRavSgWF_YIS1sCpAY', '3', '26');

-- ----------------------------
-- Table structure for pet_community_topic
-- ----------------------------
DROP TABLE IF EXISTS `pet_community_topic`;
CREATE TABLE `pet_community_topic` (
  `id` int(11) NOT NULL AUTO_INCREMENT,
  `open_id` varchar(50) DEFAULT NULL,
  `at_open_id` varchar(255) DEFAULT NULL,
  `theme_id` varchar(20) DEFAULT NULL,
  `last_reply_at` datetime DEFAULT NULL,
  `top` int(2) DEFAULT '1',
  `reply_count` int(20) DEFAULT '0',
  `visit_count` int(20) DEFAULT '0',
  `tab` varchar(10) DEFAULT '',
  `title` varchar(20) DEFAULT NULL,
  `create_at` datetime DEFAULT NULL,
  `content` varchar(2000) DEFAULT NULL,
  `img_url` varchar(255) DEFAULT '',
  `type` varchar(255) DEFAULT NULL COMMENT '贴子类型（1 求助帖  2 猫帖 3 汪帖  4 知识贴）',
  `address` varchar(20) DEFAULT NULL,
  `latitude` varchar(20) DEFAULT NULL,
  `longitude` varchar(20) DEFAULT NULL,
  PRIMARY KEY (`id`)
) ENGINE=InnoDB AUTO_INCREMENT=25 DEFAULT CHARSET=utf8;

-- ----------------------------
-- Records of pet_community_topic
-- ----------------------------
INSERT INTO `pet_community_topic` VALUES ('1', 'otIY-5cD9gLRavSgWF_YIS1sCpAY', null, null, '2019-07-18 19:46:55', '1', '1233', '12111', 'good', '分享我的养猫经历', '2019-07-18 20:30:42', '<view style=“color:red;”>#家有萌宠#</view>第一次发布帖子 分享下我养猫的经历 第一次发布帖子 分享下我养猫的经历第一次发布帖子 分享下我养猫的经历', '6351dbdf-41aa-44a5-825c-8214e53f94c3.png;67ce3303-e453-45d5-aeb5-17ab48e25858.gif;6351dbdf-41aa-44a5-825c-8214e53f94c3.png;67ce3303-e453-45d5-aeb5-17ab48e25858.gif;6351dbdf-41aa-44a5-825c-8214e53f94c3.png;67ce3303-e453-45d5-aeb5-17ab48e25858.gif;', '1', '南京市', null, null);
INSERT INTO `pet_community_topic` VALUES ('2', 'otIY-5cD9gLRavSgWF_YIS1sCpAY', null, null, '2019-07-18 22:17:30', '0', '10000', '2000', 'good', '分享我的养猫经历', '2019-07-18 22:17:52', '第一次发布帖子 分享下我养猫的经历 第一次发布帖子 分享下我养猫的经历第一次发布帖子 分享下我养猫的经历第一次发布帖子 分享下我养猫的经历第一次发布帖子 分享下我养猫的经历第一次发布帖子 分享下我养猫的经历第一次发布帖子 分享下我养猫的经历第一次发布帖子 分享下我养猫的经历第一次发布帖子 分享下我养猫的经历第一次发布帖子 分享下我养猫的经历', '6351dbdf-41aa-44a5-825c-8214e53f94c3.png;67ce3303-e453-45d5-aeb5-17ab48e25858.gif;', '1', '南京市', null, null);
INSERT INTO `pet_community_topic` VALUES ('18', 'otIY-5cD9gLRavSgWF_YIS1sCpAY', 'otIY-5Y-Xj0voZASe4mkXJ37ItjQ,', '1,', '2019-09-21 17:36:55', '0', '0', '0', null, '', '2019-09-21 17:36:55', '家里美短', '61d8ba79-e127-4d3b-ac9e-56f714ad9dec.jpg;', null, '南京市', '32.04011013454861', '118.8737415907118');
INSERT INTO `pet_community_topic` VALUES ('20', 'otIY-5b3QKNKsYlh5lmqPBdUm7Wc', '', '', '2020-01-09 20:05:41', '0', '0', '0', null, '', '2020-01-09 20:05:41', '', 'b7a1a415-1d0a-42b1-b7ea-a65ce0e26875.jpg;', null, '上海市', '31.23691', '121.50109');
INSERT INTO `pet_community_topic` VALUES ('21', 'otIY-5cD9gLRavSgWF_YIS1sCpAY', '', '', '2020-01-10 09:50:25', '0', '0', '0', null, '', '2020-01-10 09:50:25', '', '', null, '南京市', '32.04835', '118.79809');
INSERT INTO `pet_community_topic` VALUES ('22', 'otIY-5cD9gLRavSgWF_YIS1sCpAY', 'otIY-5Z9T6Ht2nIIT7eZgr7DY4lI,', '2,', '2020-01-31 15:24:34', '0', '0', '0', null, '', '2020-01-31 15:24:34', '', '', null, '泰州市', '32.17191', '120.052');
INSERT INTO `pet_community_topic` VALUES ('23', 'otIY-5cD9gLRavSgWF_YIS1sCpAY', 'otIY-5ZgfU3y01vlHpuIqatY2G08,', '2,', '2020-01-31 16:53:58', '0', '0', '0', null, '', '2020-01-31 16:53:58', '2020年测试', 'dcd4e1b1-96f5-4426-a1bc-4994938eb508.jpg;e7cadeb4-0cbb-406d-a12d-68badd52d8bf.png;3d90d4b6-2bf4-495f-9ec9-98bafab4ce50.jpg;', null, '泰州市', '32.17191', '120.052');
INSERT INTO `pet_community_topic` VALUES ('24', 'otIY-5cD9gLRavSgWF_YIS1sCpAY', 'otIY-5ZgfU3y01vlHpuIqatY2G08,', '4,', '2020-02-06 00:47:32', '0', '0', '0', null, '', '2020-02-06 00:47:32', '疫情什么时候能结束啊  好像出去浪  ', '5df35838-52d4-4011-b218-e22d7dae526d.jpg;54ad7e0b-d06c-4b5b-8a39-68fe73ad188e.jpg;8380a169-3422-47f9-9daf-c7097f8f75bf.jpg;', null, '泰州市', '32.14686550564236', '120.25249186197917');

-- ----------------------------
-- Table structure for pet_complaints_proposals
-- ----------------------------
DROP TABLE IF EXISTS `pet_complaints_proposals`;
CREATE TABLE `pet_complaints_proposals` (
  `id` int(50) NOT NULL,
  `open_id` varchar(50) DEFAULT NULL,
  `proposals_type` int(10) DEFAULT '0',
  `descript` varchar(255) DEFAULT NULL,
  `img_urls` varchar(255) DEFAULT NULL,
  `is_verify` int(1) DEFAULT '0',
  `verify_name` varchar(255) DEFAULT NULL,
  `verify_open_id` varchar(50) DEFAULT NULL,
  `verify_time` datetime DEFAULT NULL,
  `create_time` datetime DEFAULT NULL,
  PRIMARY KEY (`id`)
) ENGINE=InnoDB DEFAULT CHARSET=utf8mb4;

-- ----------------------------
-- Records of pet_complaints_proposals
-- ----------------------------

-- ----------------------------
-- Table structure for pet_feed_order
-- ----------------------------
DROP TABLE IF EXISTS `pet_feed_order`;
CREATE TABLE `pet_feed_order` (
  `id` int(11) NOT NULL AUTO_INCREMENT,
  `feed_topic_id` int(20) DEFAULT NULL,
  `order_state` varchar(20) DEFAULT '0' COMMENT '//	喂养订单状态(   1101  等待接单  ）',
  `order_receiver_open_id` varchar(255) DEFAULT NULL,
  `comment_info` varchar(100) DEFAULT NULL,
  `comment_level` int(1) DEFAULT '0',
  `create_time` datetime DEFAULT NULL,
  `pay_time` datetime DEFAULT NULL,
  `go_time` datetime DEFAULT NULL,
  `finish_time` datetime DEFAULT NULL,
  PRIMARY KEY (`id`)
) ENGINE=InnoDB AUTO_INCREMENT=29 DEFAULT CHARSET=utf8;

-- ----------------------------
-- Records of pet_feed_order
-- ----------------------------
INSERT INTO `pet_feed_order` VALUES ('8', '44', '1104', 'otIY-5cD9gLRavSgWF_YIS1sCpAY', null, null, '2019-07-26 15:44:38', '2019-12-06 10:46:13', null, null);
INSERT INTO `pet_feed_order` VALUES ('9', '14', '1104', 'otIY-5cD9gLRavSgWF_YIS1sCpAY', null, null, '2019-07-26 15:53:53', '2019-11-01 10:46:20', null, null);
INSERT INTO `pet_feed_order` VALUES ('10', '15', '1103', 'otIY-5cD9gLRavSgWF_YIS1sCpAY', null, null, '2019-07-28 02:38:44', null, '2020-01-22 14:27:55', null);
INSERT INTO `pet_feed_order` VALUES ('11', '46', '1105', 'otIY-5cD9gLRavSgWF_YIS1sCpAY', null, null, '2019-07-29 11:36:04', null, '2020-01-04 14:18:48', '2020-01-10 19:32:00');
INSERT INTO `pet_feed_order` VALUES ('12', '16', '1111', 'otIY-5cD9gLRavSgWF_YIS1sCpAY', '专业铲屎官、活地图能轻松找到地点、', '4', '2019-08-05 10:23:49', null, '2020-01-04 15:18:58', '2020-01-07 11:38:31');
INSERT INTO `pet_feed_order` VALUES ('13', '42', '1102', 'otIY-5XIhtDXx63tnse62LroYbZw', null, null, '2019-08-06 17:15:09', null, null, null);
INSERT INTO `pet_feed_order` VALUES ('16', '48', '1102', 'otIY-5XIhtDXx63tnse62LroYbZw', null, null, '2019-08-06 17:35:09', null, null, null);
INSERT INTO `pet_feed_order` VALUES ('17', '49', '1102', 'otIY-5cD9gLRavSgWF_YIS1sCpAY', null, null, '2019-08-16 23:22:23', null, null, null);
INSERT INTO `pet_feed_order` VALUES ('18', '50', '1104', 'otIY-5cD9gLRavSgWF_YIS1sCpAY', null, null, '2019-09-09 18:15:25', null, '2020-01-04 14:19:55', '2020-02-06 00:52:32');
INSERT INTO `pet_feed_order` VALUES ('19', '51', '1104', 'otIY-5cD9gLRavSgWF_YIS1sCpAY', null, null, '2019-10-12 11:26:55', '2019-12-02 10:46:31', null, null);
INSERT INTO `pet_feed_order` VALUES ('20', '60', '1104', 'otIY-5cD9gLRavSgWF_YIS1sCpAY', null, null, '2019-11-05 14:03:22', '2019-12-02 10:46:37', null, null);
INSERT INTO `pet_feed_order` VALUES ('21', '64', '1104', 'otIY-5UYqY6dFhhMhvaDsTQXwnfo', null, null, '2019-11-20 13:10:56', '2019-12-05 10:46:47', null, null);
INSERT INTO `pet_feed_order` VALUES ('22', '65', '1102', 'otIY-5Z9T6Ht2nIIT7eZgr7DY4lI', null, null, '2019-11-20 14:24:52', null, null, null);
INSERT INTO `pet_feed_order` VALUES ('23', '56', '1103', 'otIY-5cD9gLRavSgWF_YIS1sCpAY', null, null, '2019-11-20 14:30:53', null, '2020-01-04 15:20:05', null);
INSERT INTO `pet_feed_order` VALUES ('24', '66', '1111', 'otIY-5ZgfU3y01vlHpuIqatY2G08', '服务很专业、专业铲屎官、', '3', '2019-11-20 18:28:15', '2019-12-05 10:46:47', '2020-01-06 19:32:45', null);
INSERT INTO `pet_feed_order` VALUES ('25', '58', '1103', 'otIY-5cD9gLRavSgWF_YIS1sCpAY', null, null, '2019-12-31 15:08:25', null, '2020-01-04 15:19:09', null);
INSERT INTO `pet_feed_order` VALUES ('26', '43', '1105', 'otIY-5cD9gLRavSgWF_YIS1sCpAY', null, null, '2020-01-06 19:38:10', null, '2020-01-06 19:42:38', null);
INSERT INTO `pet_feed_order` VALUES ('27', '70', '1104', 'otIY-5cD9gLRavSgWF_YIS1sCpAY', null, null, '2020-01-09 15:58:20', null, '2020-01-09 20:18:10', '2020-01-09 20:18:32');
INSERT INTO `pet_feed_order` VALUES ('28', '59', '1200', 'otIY-5cD9gLRavSgWF_YIS1sCpAY', null, null, '2020-01-13 15:17:47', null, null, null);

-- ----------------------------
-- Table structure for pet_feed_topic
-- ----------------------------
DROP TABLE IF EXISTS `pet_feed_topic`;
CREATE TABLE `pet_feed_topic` (
  `id` int(20) NOT NULL AUTO_INCREMENT,
  `title` varchar(30) DEFAULT NULL,
  `description` varchar(255) DEFAULT NULL,
  `img_url` varchar(255) DEFAULT '',
  `charges` int(20) DEFAULT NULL,
  `latitude` varchar(20) DEFAULT NULL,
  `longitude` varchar(20) DEFAULT '',
  `open_id` varchar(50) DEFAULT '',
  `nick_name` varchar(50) CHARACTER SET utf8mb4 COLLATE utf8mb4_unicode_ci DEFAULT NULL,
  `create_time` datetime DEFAULT NULL,
  `start_time` datetime DEFAULT NULL,
  `end_time` datetime DEFAULT NULL,
  `address` varchar(255) DEFAULT NULL,
  `avatar_url` varchar(255) DEFAULT NULL,
  `img_show` varchar(255) DEFAULT '',
  `feed_time` varchar(8) DEFAULT NULL,
  `status` int(2) DEFAULT '0' COMMENT '帖子状态（0 发布中  1 等待确认 2 交接钥匙 4 上门喂养 5 订单完成 ）',
  PRIMARY KEY (`id`)
) ENGINE=InnoDB AUTO_INCREMENT=78 DEFAULT CHARSET=utf8;

-- ----------------------------
-- Records of pet_feed_topic
-- ----------------------------
INSERT INTO `pet_feed_topic` VALUES ('14', 'fwe', '1231313', 'e39a6713-7d51-44e0-a4a3-0225362f9532.png;e39a6713-7d51-44e0-a4a3-0225362f9532.png', '12', '32.04835', '118.79809', 'otIY-5cD9gLRavSgWF_YIS1sCpAY', 'jary ?', '2019-07-15 00:00:00', '2019-07-15 00:00:00', '2019-07-15 00:00:00', '江苏省南京市玄武区珠江路455号', 'https://wx.qlogo.cn/mmopen/vi_32/Q0j4TwGTfTLDVQKU5g7ic2YkDX2OPKb0DE3z3icGC8nEsI8184faEs4RTBI2T9LqU8yxqKDWibuw8licwYqFv4BSUw/132', 'a91dbb69-538f-4b90-8b0e-98ce03cae49e.png', '03:12', '1');
INSERT INTO `pet_feed_topic` VALUES ('15', '饿啊我发', '312312', 'e39a6713-7d51-44e0-a4a3-0225362f9532.png;e39a6713-7d51-44e0-a4a3-0225362f9532.png', '21', '32.048859', '118.79653', 'otIY-5cD9gLRavSgWF_YIS1sCpAY', 'jary ?', '2019-07-18 00:00:00', '2019-07-18 00:00:00', '2019-07-18 00:00:00', '江苏省南京市玄武区珠江路437号', 'https://wx.qlogo.cn/mmopen/vi_32/Q0j4TwGTfTLDVQKU5g7ic2YkDX2OPKb0DE3z3icGC8nEsI8184faEs4RTBI2T9LqU8PnYm7ccd16tSQHBcicQ0BJQ/132', 'a91dbb69-538f-4b90-8b0e-98ce03cae49e.png', '03:12', '1');
INSERT INTO `pet_feed_topic` VALUES ('16', '饿啊我发212', '12', 'e39a6713-7d51-44e0-a4a3-0225362f9532.png;e39a6713-7d51-44e0-a4a3-0225362f9532.png', '21', '32.048859', '118.79653', 'otIY-5cD9gLRavSgWF_YIS1sCpAY', 'jary ?', '2019-07-18 00:00:00', '2019-07-18 00:00:00', '2019-07-18 00:00:00', '江苏省南京市玄武区珠江路437号', 'https://wx.qlogo.cn/mmopen/vi_32/Q0j4TwGTfTLDVQKU5g7ic2YkDX2OPKb0DE3z3icGC8nEsI8184faEs4RTBI2T9LqU8PnYm7ccd16tSQHBcicQ0BJQ/132', 'a91dbb69-538f-4b90-8b0e-98ce03cae49e.png', '03:12', '1');
INSERT INTO `pet_feed_topic` VALUES ('42', 'fsda', '', 'dd5a33ca-1007-4316-a5d0-e3eafb5efcb9.png;062bde32-1a05-432e-b87b-164d113cabd6.png;', '21', '32.058743', '118.628738', 'otIY-5cD9gLRavSgWF_YIS1sCpAY', 'jary ?', '2019-07-21 00:00:00', '2019-07-21 00:00:00', '2019-07-21 00:00:00', '江苏省南京市浦口区文德路3', 'https://wx.qlogo.cn/mmopen/vi_32/Q0j4TwGTfTLDVQKU5g7ic2YkDX2OPKb0DE3z3icGC8nEsI8184faEs4RTBI2T9LqU8PnYm7ccd16tSQHBcicQ0BJQ/132', '3ce43793-ad80-41fb-a3aa-3b5b645a3191.png', '00:00', '1');
INSERT INTO `pet_feed_topic` VALUES ('43', '？？？', '', '7aa8656b-bc88-4f32-bf13-ec109ea40288.jpg;', '90', '32.135437', '119.01901', 'otIY-5UYqY6dFhhMhvaDsTQXwnfo', 'zz', '2019-07-22 00:00:00', '2019-07-24 00:00:00', '2019-07-22 00:00:00', '熊猫电子装备产业园(栖霞区经天路7号)', 'https://wx.qlogo.cn/mmopen/vi_32/DYAIOgq83eqe4mNIZ6Z6bKmvW4LnDfjnfJ4EaXoouNkiaPzRWoFlwlibqgs5hylaHMresMlqibRBcF2VjInJH81nQ/132', '51c4b228-3570-4788-91d0-6c23a1c66487.jpg', '00:00', '1');
INSERT INTO `pet_feed_topic` VALUES ('44', '？？？', '', '51feb586-7461-453a-b6e2-6f036127e430.jpg;', '90', '32.135437', '119.01901', 'otIY-5UYqY6dFhhMhvaDsTQXwnfo', 'zz', '2019-07-22 00:00:00', '2019-07-24 00:00:00', '2019-07-26 00:00:00', '熊猫电子装备产业园(栖霞区经天路7号)', 'https://wx.qlogo.cn/mmopen/vi_32/DYAIOgq83eqe4mNIZ6Z6bKmvW4LnDfjnfJ4EaXoouNkiaPzRWoFlwlibqgs5hylaHMresMlqibRBcF2VjInJH81nQ/132', 'dd44b7e2-7131-4583-8fd8-524faca4113c.jpg', '00:00', '1');
INSERT INTO `pet_feed_topic` VALUES ('46', '威尼斯水城21栋八街区美短需要喂养', '', '98093f8d-1465-4c0c-88d2-940ce57615e1.jpg;', '60', '32.14713', '118.7502', 'otIY-5ZgfU3y01vlHpuIqatY2G08', '猫代理-NJ', '2019-07-29 00:00:00', '2019-07-31 00:00:00', '2019-08-29 00:00:00', '江苏省南京市浦口区天华东路', 'https://wx.qlogo.cn/mmopen/vi_32/9P9EfBph30hfKur866brCs32ApYJbuRicGSOhNdavasE1PJunuyUh8Fm7kibQYVN7C76moYtGrAJZ7kYbO0iafnYQ/132', 'a8b119ca-5575-4b6d-952f-d88a8e044666.jpg', '12:00', '1');
INSERT INTO `pet_feed_topic` VALUES ('48', '测试', '', '4c73ce5b-830f-4f15-aadd-e547d7ff1fea.jpg;', '90', '32.039917', '118.8738', 'otIY-5cD9gLRavSgWF_YIS1sCpAY', 'jary ?', '2019-08-06 00:00:00', '2019-08-06 00:00:00', '2019-08-06 00:00:00', '江苏农业科技成果展示中心(钟灵街60号)', 'https://wx.qlogo.cn/mmopen/vi_32/Q0j4TwGTfTLDVQKU5g7ic2YkDX2OPKb0DE3z3icGC8nEsI8184faEs4RTBI2T9LqU8lHzfRtzP2LXuq8XuT2YKnA/132', '4ab609b8-f8ee-497b-812a-90424628b5f0.jpg', '02:00', '1');
INSERT INTO `pet_feed_topic` VALUES ('49', '测试', '', '', '21', '32.040024', '118.87375', 'otIY-5cD9gLRavSgWF_YIS1sCpAY', 'jary ?', '2019-08-06 00:00:00', '2019-08-06 00:00:00', '2019-08-06 00:00:00', '江苏农业科技成果展示中心(钟灵街60号)', 'https://wx.qlogo.cn/mmopen/vi_32/Q0j4TwGTfTLDVQKU5g7ic2YkDX2OPKb0DE3z3icGC8nEsI8184faEs4RTBI2T9LqU8lHzfRtzP2LXuq8XuT2YKnA/132', '0e011345-bf8c-423b-8695-469be1f4aa67.jpg', '03:00', '1');
INSERT INTO `pet_feed_topic` VALUES ('50', '哈哈', '', '', '33', '32.03998', '118.87379', 'otIY-5cD9gLRavSgWF_YIS1sCpAY', 'jary ?', '2019-08-06 00:00:00', '2019-08-06 00:00:00', '2019-08-06 00:00:00', '江苏省南京市玄武区钟灵街60号', 'https://wx.qlogo.cn/mmopen/vi_32/Q0j4TwGTfTLDVQKU5g7ic2YkDX2OPKb0DE3z3icGC8nEsI8184faEs4RTBI2T9LqU8lHzfRtzP2LXuq8XuT2YKnA/132', '9cbf452f-2e53-468d-80f8-0c14f193e1ac.jpg', '02:00', '1');
INSERT INTO `pet_feed_topic` VALUES ('51', '测试一下', '', '', '99', '30.72848', '122.7804', 'otIY-5XIhtDXx63tnse62LroYbZw', 'Church', '2019-08-06 00:00:00', '2019-08-06 00:00:00', '2019-08-06 00:00:00', '浙江省舟山市嵊泗县', 'https://wx.qlogo.cn/mmopen/vi_32/Q0j4TwGTfTI2bUaEW9seQqr4aqDK4hz8GoBNagPUCO9qNYRoXssau2c2Sm1fQWmomjH3Sldv4mUal36gTGMdUw/132', 'df5e9763-8c64-42b1-aa15-44e1d23084ad.jpg', '00:00', '1');
INSERT INTO `pet_feed_topic` VALUES ('55', '浦口天润城8街区', '', 'da2d2c7b-a55d-43b9-8124-d26308a6f2ea.jpg;', '40', '32.04835', '118.79809', 'otIY-5cD9gLRavSgWF_YIS1sCpAY', 'jary ?', '2019-11-01 00:00:00', '2019-11-01 00:00:00', '2019-11-01 00:00:00', '江苏省南京市玄武区珠江路455号', 'https://wx.qlogo.cn/mmopen/vi_32/Q0j4TwGTfTLDVQKU5g7ic2YkDX2OPKb0DE3z3icGC8nEsI8184faEs4RTBI2T9LqU8ibQjrrHkRMJiaFHtTQxF9jaA/132', '793dd05e-a921-4840-a506-508a5c840d08.jpg', '03:03', '0');
INSERT INTO `pet_feed_topic` VALUES ('56', '威尼斯八街区', '八街区', '3668ee4d-b5ef-4ed7-b3e2-a63bf5fbf8ae.jpg;', '45', '32.14622', '118.74932', 'otIY-5cD9gLRavSgWF_YIS1sCpAY', 'jary ?', '2019-11-01 00:00:00', '2019-11-01 00:00:00', '2019-11-01 00:00:00', '江苏省南京市浦口区', 'https://wx.qlogo.cn/mmopen/vi_32/Q0j4TwGTfTLDVQKU5g7ic2YkDX2OPKb0DE3z3icGC8nEsI8184faEs4RTBI2T9LqU8ibQjrrHkRMJiaFHtTQxF9jaA/132', 'a15acc31-1bb4-4d90-b7c0-06ae8ad688c9.png', '00:00', '1');
INSERT INTO `pet_feed_topic` VALUES ('57', '南方花园', '南方花园猫咪需要喂养', '5a864151-47c2-4930-85b0-683cd5f7c5d7.jpg;', '40', '31.96159', '118.81918', 'otIY-5cD9gLRavSgWF_YIS1sCpAY', 'jary ?', '2019-11-01 00:00:00', '2019-11-01 00:00:00', '2019-11-01 00:00:00', '江苏省南京市江宁区东山镇双龙大道833号', 'https://wx.qlogo.cn/mmopen/vi_32/Q0j4TwGTfTLDVQKU5g7ic2YkDX2OPKb0DE3z3icGC8nEsI8184faEs4RTBI2T9LqU8ibQjrrHkRMJiaFHtTQxF9jaA/132', 'b4e7b02b-0316-49db-b938-7139b9653d62.jpg', '07:00', '0');
INSERT INTO `pet_feed_topic` VALUES ('58', '左邻右里', '左邻右里狗狗需要遛狗', '5a864151-47c2-4930-85b0-683cd5f7c5d7.jpg;', '90', '31.957648', '118.810918', 'otIY-5cD9gLRavSgWF_YIS1sCpAY', 'jary ?', '2019-11-01 00:00:00', '2019-11-01 00:00:00', '2019-11-01 00:00:00', '江苏省南京市江宁区宏运大道1188号', 'https://wx.qlogo.cn/mmopen/vi_32/Q0j4TwGTfTLDVQKU5g7ic2YkDX2OPKb0DE3z3icGC8nEsI8184faEs4RTBI2T9LqU8ibQjrrHkRMJiaFHtTQxF9jaA/132', '37f8ba0e-1733-40f3-90c4-91ecb92ee673.jpg', '00:00', '1');
INSERT INTO `pet_feed_topic` VALUES ('59', '天润城', '天润城', '5a864151-47c2-4930-85b0-683cd5f7c5d7.jpg;', '12', '32.150803', '118.734181', 'otIY-5cD9gLRavSgWF_YIS1sCpAY', 'jary ?', '2019-11-01 00:00:00', '2019-11-01 00:00:00', '2019-11-01 00:00:00', '地铁3号线', 'https://wx.qlogo.cn/mmopen/vi_32/Q0j4TwGTfTLDVQKU5g7ic2YkDX2OPKb0DE3z3icGC8nEsI8184faEs4RTBI2T9LqU8ibQjrrHkRMJiaFHtTQxF9jaA/132', '491cd6e3-2c37-4555-a463-6c9fbdda6694.jpg', '00:00', '1');
INSERT INTO `pet_feed_topic` VALUES ('60', '天润城10街区', '天润城10街区', '5a864151-47c2-4930-85b0-683cd5f7c5d7.jpg;', '122', '32.14918', '118.72882', 'otIY-5cD9gLRavSgWF_YIS1sCpAY', 'jary ?', '2019-11-01 00:00:00', '2019-11-01 00:00:00', '2019-11-01 00:00:00', '江苏省南京市浦口区天华南路', 'https://wx.qlogo.cn/mmopen/vi_32/Q0j4TwGTfTLDVQKU5g7ic2YkDX2OPKb0DE3z3icGC8nEsI8184faEs4RTBI2T9LqU8ibQjrrHkRMJiaFHtTQxF9jaA/132', '99788daa-4dd0-4d9e-afd7-121a4d5fb185.jpg', '00:00', '1');
INSERT INTO `pet_feed_topic` VALUES ('61', '天润城10街区', '天润城10街区', '5a864151-47c2-4930-85b0-683cd5f7c5d7.jpg;', '12', '32.147571564', '118.728866577', 'otIY-5cD9gLRavSgWF_YIS1sCpAY', 'jary ?', '2019-11-01 00:00:00', '2019-11-01 00:00:00', '2019-11-01 00:00:00', '江苏省南京市浦口区天华南路', 'https://wx.qlogo.cn/mmopen/vi_32/Q0j4TwGTfTLDVQKU5g7ic2YkDX2OPKb0DE3z3icGC8nEsI8184faEs4RTBI2T9LqU8ibQjrrHkRMJiaFHtTQxF9jaA/132', '0dfbde25-8e7d-44f4-ac3e-55873b97b787.jpg', '00:00', '0');
INSERT INTO `pet_feed_topic` VALUES ('64', '明发', '浦口', '7ae62cd5-de44-423c-9fcc-acd6b61de72f.png;2d3559e6-c324-477b-bac7-10980c3ad594.png;07f91e25-4764-4d8a-97b6-229539caec48.png;e0b4e167-8052-45d1-bc17-9225a2243f86.png;', '12', '32.128767', '118.743112', 'otIY-5cD9gLRavSgWF_YIS1sCpAY', 'jary ?', '2019-11-01 00:00:00', '2019-11-01 00:00:00', '2019-11-01 00:00:00', '江苏省南京市浦口区滨江大道', 'https://wx.qlogo.cn/mmopen/vi_32/Q0j4TwGTfTLDVQKU5g7ic2YkDX2OPKb0DE3z3icGC8nEsI8184faEs4RTBI2T9LqU8ibQjrrHkRMJiaFHtTQxF9jaA/132', '7ae62cd5-de44-423c-9fcc-acd6b61de72f.png', '00:00', '1');
INSERT INTO `pet_feed_topic` VALUES ('65', '明发滨江', '明发滨江', 'cf2d0749-9b97-446d-84c4-61c118f7c03d.jpg;33ce7847-12f7-4109-9e49-d6d208fb3475.jpg;65174f3b-7777-4e75-a1c4-5967310cc252.jpg;', '100', '32.128767', '118.743112', 'otIY-5cD9gLRavSgWF_YIS1sCpAY', 'jary ?', '2019-11-01 16:26:25', '2019-11-04 00:00:00', '2019-11-04 00:00:00', '江苏省南京市浦口区滨江大道', 'https://wx.qlogo.cn/mmopen/vi_32/Q0j4TwGTfTLDVQKU5g7ic2YkDX2OPKb0DE3z3icGC8nEsI8184faEs4RTBI2T9LqU8ibQjrrHkRMJiaFHtTQxF9jaA/132', '33ce7847-12f7-4109-9e49-d6d208fb3475.jpg', '10:00', '1');
INSERT INTO `pet_feed_topic` VALUES ('66', '威尼斯', '天润城', 'c271117d-bcce-4a9b-90ee-13a4e72c906f.jpg;', '123', '32.0392', '118.87465', 'otIY-5cD9gLRavSgWF_YIS1sCpAY', 'jary ?', '2019-11-20 13:06:34', '2019-11-20 00:00:00', '2019-11-20 00:00:00', '江苏省南京市玄武区钟灵街50号', 'https://wx.qlogo.cn/mmopen/vi_32/Q0j4TwGTfTLDVQKU5g7ic2YkDX2OPKb0DE3z3icGC8nEsI8184faEs4RTBI2T9LqU8owXYMG5b6ZdjyfFEeT4vmQ/132', 'c271117d-bcce-4a9b-90ee-13a4e72c906f.jpg', '00:00', '1');
INSERT INTO `pet_feed_topic` VALUES ('67', '猫咪', '水', '6e1a37db-4156-49be-b638-4a0529334f56.jpg;', '33', '32.037617', '118.78254', 'otIY-5UYqY6dFhhMhvaDsTQXwnfo', 'zz', '2019-11-20 13:43:19', '2019-11-20 00:00:00', '2019-11-20 00:00:00', '陆家巷物业小区(南京市秦淮区石鼓路5号)', 'https://wx.qlogo.cn/mmopen/vi_32/DYAIOgq83eqe4mNIZ6Z6bKmvW4LnDfjnfJ4EaXoouNkiaPzRWoFlwlibqgs5hylaHMresMlqibRBcF2VjInJH81nQ/132', '6e1a37db-4156-49be-b638-4a0529334f56.jpg', '00:00', '0');
INSERT INTO `pet_feed_topic` VALUES ('70', '威尼斯水城八街区', '美短猫需要喂养', '9f7d4ed6-2c11-40e0-a14b-744d1d42c186.jpg;', '120', '32.14622', '118.74932', 'otIY-5cD9gLRavSgWF_YIS1sCpAY', 'jary ?', '2020-01-09 15:57:29', '2020-01-13 00:00:00', '2020-02-10 00:00:00', '江苏省南京市浦口区', 'https://wx.qlogo.cn/mmopen/vi_32/Q0j4TwGTfTLDVQKU5g7ic2YkDX2OPKb0DE3z3icGC8nEsI8184faEs4RTBI2T9LqU8owXYMG5b6ZdjyfFEeT4vmQ/132', '9f7d4ed6-2c11-40e0-a14b-744d1d42c186.jpg', '03:02', '1');
INSERT INTO `pet_feed_topic` VALUES ('73', '威尼斯八街区', '威尼斯水城八街区需要喂养', '1c60c25b-b057-4283-9784-986ec44b399f.jpg;', '120', '32.146675', '118.75116', 'otIY-5cD9gLRavSgWF_YIS1sCpAY', 'jary ?', '2020-01-09 17:18:48', '2020-01-11 00:00:00', '2020-01-12 00:00:00', '江苏省南京市浦口区669路(内圈),669路(外圈)', 'https://wx.qlogo.cn/mmopen/vi_32/Q0j4TwGTfTLDVQKU5g7ic2YkDX2OPKb0DE3z3icGC8nEsI8184faEs4RTBI2T9LqU8owXYMG5b6ZdjyfFEeT4vmQ/132', '1c60c25b-b057-4283-9784-986ec44b399f.jpg', '09:06', '0');

-- ----------------------------
-- Table structure for pet_foster_comment
-- ----------------------------
DROP TABLE IF EXISTS `pet_foster_comment`;
CREATE TABLE `pet_foster_comment` (
  `id` int(50) NOT NULL,
  `comment_foster_open_id` varchar(50) DEFAULT NULL,
  `comment_info` varchar(255) DEFAULT NULL,
  `open_id` varchar(50) DEFAULT NULL,
  `foster_id` int(50) DEFAULT NULL,
  `reply_comment_id` int(50) DEFAULT NULL,
  `reply_open_id` int(11) DEFAULT NULL,
  `create_time` datetime DEFAULT NULL,
  PRIMARY KEY (`id`)
) ENGINE=InnoDB DEFAULT CHARSET=utf8mb4;

-- ----------------------------
-- Records of pet_foster_comment
-- ----------------------------

-- ----------------------------
-- Table structure for pet_foster_home
-- ----------------------------
DROP TABLE IF EXISTS `pet_foster_home`;
CREATE TABLE `pet_foster_home` (
  `id` int(50) NOT NULL AUTO_INCREMENT,
  `foster_name` varchar(100) DEFAULT NULL,
  `img_show` varchar(100) DEFAULT NULL,
  `img_urls` varchar(255) DEFAULT NULL,
  `levels` int(2) DEFAULT NULL,
  `descript` varchar(255) DEFAULT NULL,
  `address` varchar(255) DEFAULT NULL,
  `latitude` varchar(20) DEFAULT NULL,
  `longitude` varchar(20) DEFAULT NULL,
  `open_id` varchar(50) DEFAULT NULL,
  `is_villa` int(1) DEFAULT NULL,
  `area_size` int(10) DEFAULT NULL,
  `room_num` int(5) DEFAULT NULL,
  `living_room_num` int(5) DEFAULT NULL,
  `balcony_num` int(5) DEFAULT NULL,
  `balcony_is_closed` int(1) DEFAULT NULL,
  `is_air_conditioner` int(1) DEFAULT NULL,
  `is_plot_park` int(1) DEFAULT NULL,
  `is_alone_room` int(1) DEFAULT NULL,
  `create_time` datetime DEFAULT NULL,
  PRIMARY KEY (`id`)
) ENGINE=InnoDB DEFAULT CHARSET=utf8mb4;

-- ----------------------------
-- Records of pet_foster_home
-- ----------------------------

-- ----------------------------
-- Table structure for pet_foster_service
-- ----------------------------
DROP TABLE IF EXISTS `pet_foster_service`;
CREATE TABLE `pet_foster_service` (
  `id` int(50) NOT NULL AUTO_INCREMENT,
  `service_breed_name` varchar(255) DEFAULT NULL,
  `service_type` varchar(255) DEFAULT NULL,
  `service_price` decimal(10,2) DEFAULT NULL,
  `foster_id` int(50) DEFAULT NULL,
  `open_id` varchar(50) DEFAULT NULL,
  `update_time` datetime DEFAULT NULL,
  `create_time` datetime DEFAULT NULL,
  PRIMARY KEY (`id`)
) ENGINE=InnoDB DEFAULT CHARSET=utf8mb4;

-- ----------------------------
-- Records of pet_foster_service
-- ----------------------------

-- ----------------------------
-- Table structure for pet_like
-- ----------------------------
DROP TABLE IF EXISTS `pet_like`;
CREATE TABLE `pet_like` (
  `id` int(50) NOT NULL AUTO_INCREMENT,
  `like_open_id` varchar(50) DEFAULT NULL,
  `like_id` int(50) DEFAULT NULL,
  `like_type` int(2) DEFAULT NULL,
  PRIMARY KEY (`id`)
) ENGINE=InnoDB AUTO_INCREMENT=29 DEFAULT CHARSET=utf8mb4;

-- ----------------------------
-- Records of pet_like
-- ----------------------------
INSERT INTO `pet_like` VALUES ('18', 'otIY-5cD9gLRavSgWF_YIS1sCpAY', '4', '2');
INSERT INTO `pet_like` VALUES ('19', 'otIY-5cD9gLRavSgWF_YIS1sCpAY', '5', '2');
INSERT INTO `pet_like` VALUES ('20', 'otIY-5cD9gLRavSgWF_YIS1sCpAY', '6', '2');
INSERT INTO `pet_like` VALUES ('21', 'otIY-5cD9gLRavSgWF_YIS1sCpAY', '1', '3');
INSERT INTO `pet_like` VALUES ('22', 'otIY-5cD9gLRavSgWF_YIS1sCpAY', '2', '3');
INSERT INTO `pet_like` VALUES ('23', 'otIY-5cD9gLRavSgWF_YIS1sCpAY', '14', '3');
INSERT INTO `pet_like` VALUES ('24', 'otIY-5cD9gLRavSgWF_YIS1sCpAY', '17', '3');
INSERT INTO `pet_like` VALUES ('25', 'otIY-5cD9gLRavSgWF_YIS1sCpAY', '19', '3');
INSERT INTO `pet_like` VALUES ('26', 'otIY-5cD9gLRavSgWF_YIS1sCpAY', '21', '3');
INSERT INTO `pet_like` VALUES ('27', 'otIY-5cD9gLRavSgWF_YIS1sCpAY', '9', '2');
INSERT INTO `pet_like` VALUES ('28', 'otIY-5cD9gLRavSgWF_YIS1sCpAY', '8', '3');

-- ----------------------------
-- Table structure for pet_notes
-- ----------------------------
DROP TABLE IF EXISTS `pet_notes`;
CREATE TABLE `pet_notes` (
  `id` int(50) NOT NULL AUTO_INCREMENT,
  `pet_id` int(50) DEFAULT NULL,
  `open_id` varchar(50) COLLATE utf8mb4_unicode_ci DEFAULT NULL,
  `note_type` int(1) DEFAULT NULL,
  `vero_name` varchar(10) COLLATE utf8mb4_unicode_ci DEFAULT NULL,
  `descript` varchar(60) COLLATE utf8mb4_unicode_ci DEFAULT NULL,
  `create_time` datetime DEFAULT NULL,
  PRIMARY KEY (`id`)
) ENGINE=InnoDB AUTO_INCREMENT=3 DEFAULT CHARSET=utf8mb4 COLLATE=utf8mb4_unicode_ci;

-- ----------------------------
-- Records of pet_notes
-- ----------------------------
INSERT INTO `pet_notes` VALUES ('1', '4', 'otIY-5cD9gLRavSgWF_YIS1sCpAY', '0', '猫三联疫苗', '猫三联疫苗 南京宠物医院', '2020-02-05 21:33:23');
INSERT INTO `pet_notes` VALUES ('2', '4', 'otIY-5cD9gLRavSgWF_YIS1sCpAY', '1', null, '体内驱虫', '2020-02-05 21:34:09');

-- ----------------------------
-- Table structure for pet_task
-- ----------------------------
DROP TABLE IF EXISTS `pet_task`;
CREATE TABLE `pet_task` (
  `id` int(50) NOT NULL AUTO_INCREMENT,
  `task_name` varchar(50) DEFAULT NULL,
  `pet_coin` int(10) DEFAULT '0',
  `credits_score` int(10) DEFAULT '0',
  `money` int(10) DEFAULT '0',
  `task_url` varchar(50) DEFAULT NULL,
  `task_url_type` varchar(10) DEFAULT NULL,
  `task_type` int(1) DEFAULT '0',
  `is_need_time` int(1) DEFAULT '0',
  `need_times` int(10) DEFAULT '0',
  `task_desc` varchar(20) DEFAULT NULL,
  `valid_time` datetime DEFAULT NULL,
  `create_time` datetime DEFAULT NULL,
  PRIMARY KEY (`id`)
) ENGINE=InnoDB AUTO_INCREMENT=4 DEFAULT CHARSET=utf8mb4;

-- ----------------------------
-- Records of pet_task
-- ----------------------------
INSERT INTO `pet_task` VALUES ('1', '每日签到', '10', '0', '0', '/page/sign/sign', 'navigateTo', '1', '0', '0', '每日签到 + 10宠币', '2020-02-02 16:55:17', '2020-02-02 16:55:23');
INSERT INTO `pet_task` VALUES ('2', '完成实名认证', '100', '50', '0', '/page/index/index', 'switchTab', '2', '0', '0', '每日签到 + 100宠币 +50信用分', '2020-02-02 16:56:06', '2020-02-02 16:56:09');
INSERT INTO `pet_task` VALUES ('3', '完成10次上门服务订单(无违规行为)', '1000', '0', '0', '/page/index/index', 'switchTab', '3', '1', '10', '完成且无违规行为 + 1000宠币', '2020-02-02 16:57:25', '2020-02-02 16:57:28');

-- ----------------------------
-- Table structure for pet_user
-- ----------------------------
DROP TABLE IF EXISTS `pet_user`;
CREATE TABLE `pet_user` (
  `id` int(11) NOT NULL AUTO_INCREMENT,
  `first_pyin` varchar(2) CHARACTER SET utf8mb4 DEFAULT NULL,
  `nick_name` varchar(191) CHARACTER SET utf8mb4 DEFAULT NULL,
  `open_id` varchar(50) CHARACTER SET utf8mb4 DEFAULT NULL,
  `avatar_url` varchar(255) CHARACTER SET utf8mb4 DEFAULT NULL,
  `phone` varchar(12) CHARACTER SET utf8mb4 DEFAULT NULL,
  `address` varchar(50) CHARACTER SET utf8mb4 DEFAULT NULL,
  `create_time` datetime DEFAULT NULL,
  `description` varchar(100) CHARACTER SET utf8mb4 DEFAULT NULL,
  `is_auth` int(1) DEFAULT '0',
  `is_super_vip` int(1) DEFAULT '0',
  `super_vip_level` int(10) DEFAULT '0',
  `vip_level` int(10) DEFAULT '1',
  `current_vip_exp` int(10) DEFAULT '0',
  `comment_level` decimal(2,1) DEFAULT '0.0',
  `pet_coins` int(50) DEFAULT NULL,
  `unfree_money` decimal(10,2) DEFAULT NULL,
  `free_money` decimal(10,2) DEFAULT NULL,
  `credit_score` int(10) DEFAULT '0',
  `sex` int(1) DEFAULT NULL,
  `birthday` datetime DEFAULT NULL,
  `sign_continue_day` int(10) DEFAULT '0',
  `login_time` datetime DEFAULT NULL,
  PRIMARY KEY (`id`)
) ENGINE=InnoDB AUTO_INCREMENT=33 DEFAULT CHARSET=utf8mb4 COLLATE=utf8mb4_unicode_ci;

-- ----------------------------
-- Records of pet_user
-- ----------------------------
INSERT INTO `pet_user` VALUES ('14', 'z', 'zz', 'otIY-5UYqY6dFhhMhvaDsTQXwnfo', 'https://wx.qlogo.cn/mmopen/vi_32/DYAIOgq83eqe4mNIZ6Z6bKmvW4LnDfjnfJ4EaXoouNkiaPzRWoFlwlibqgs5hylaHMresMlqibRBcF2VjInJH81nQ/132', null, null, '2019-11-20 13:10:12', null, '0', null, null, null, null, '4.5', null, null, null, null, '2', null, '0', '2019-11-20 13:10:12');
INSERT INTO `pet_user` VALUES ('15', 'h', 'H?萝卜兔', 'otIY-5SRONtX8J6eBbwdoi1OYAK4', 'https://wx.qlogo.cn/mmopen/vi_32/DYAIOgq83eq09pNtsDibdUUdQPsBo4BmqBxoicEOnpaeXoFH31ytuJLOEA9zhNln1r5zBso6t3La5fkhHiaDYmKVA/132', null, null, '2019-11-20 13:45:20', null, '0', null, null, null, null, '3.5', null, null, null, null, '2', null, '0', '2019-11-20 13:45:20');
INSERT INTO `pet_user` VALUES ('16', 'z', 'Zero', 'otIY-5Z9T6Ht2nIIT7eZgr7DY4lI', 'https://wx.qlogo.cn/mmopen/vi_32/Q0j4TwGTfTJiab5qGTxl3sEzia2jFVM69MJmnlU4rmx5jwDYhJia35QF4fDzUCa1nj78Ta7yUVhBg36icOy1C5CMPQ/132', null, null, '2019-11-20 14:24:00', null, '0', null, null, null, null, '3.5', null, null, null, null, '1', null, '0', '2019-11-20 14:24:00');
INSERT INTO `pet_user` VALUES ('17', 'a', '阿kun', 'otIY-5aq7lL0Sj3wyqDEmC5m2Ep0', 'https://wx.qlogo.cn/mmopen/vi_32/DYAIOgq83ep8MiaIwXm2WXBBmkPa9W3vgSN0QLibDB68LkyicgDhZWeds9NOX5CzDZIf4f4Im9pLic98nkicKqSiahnw/132', null, null, '2019-11-20 14:27:58', null, '0', null, null, null, null, '5.0', null, null, null, null, '1', null, '0', '2019-11-20 14:27:58');
INSERT INTO `pet_user` VALUES ('18', 'y', '元元', 'otIY-5ZtuOhgNgB2klfk8piO7O3k', 'https://wx.qlogo.cn/mmopen/vi_32/Q0j4TwGTfTKbyMVG8drPqQwNHeDgpuqqIDF4adyCgfLTtue11Lrpkxtc5YRBvalu1aqicQ0oQxiaKzSYToN8FtYA/132', null, null, '2019-11-20 14:52:37', null, '0', null, null, null, null, '5.0', null, null, null, null, '1', null, '0', '2019-11-20 14:52:37');
INSERT INTO `pet_user` VALUES ('24', '#', '猫代理-NJ', 'otIY-5ZgfU3y01vlHpuIqatY2G08', 'https://wx.qlogo.cn/mmopen/vi_32/9P9EfBph30hfKur866brCs32ApYJbuRicGSOhNdavasE1PJunuyUh8Fm7kibQYVN7C76moYtGrAJZ7kYbO0iafnYQ/132', null, null, '2019-11-23 14:29:50', null, '0', null, null, null, null, '5.0', null, null, null, null, '0', null, '0', '2019-11-23 14:29:50');
INSERT INTO `pet_user` VALUES ('25', 'x', '小倩', 'otIY-5b3QKNKsYlh5lmqPBdUm7Wc', 'https://wx.qlogo.cn/mmopen/vi_32/52eZlEWhZMmvbJ4NtB3icSdGFG42jzLFaXibdhNxyTZN6u9OtCKJ7Oe9jHlZOE9HRQRxE7wvDr72Zx3dmdqn00Xw/132', null, null, '2020-01-09 20:05:01', null, '0', null, null, null, null, '5.0', null, null, null, null, '1', null, '0', '2020-01-09 20:05:01');
INSERT INTO `pet_user` VALUES ('26', 'w', '无', 'otIY-5SYFaMj0USAjzmu2oRmEqMs', 'https://wx.qlogo.cn/mmopen/vi_32/Q0j4TwGTfTLYSXF7sWZQUAccQPvx0RJ3MFmEh8NjmdAJaOqyBba3zp6f0pwBl09gwE0h1HSjqmQLBIAed7MMjQ/132', null, null, '2020-01-10 09:44:49', null, '0', null, null, null, null, '5.0', null, null, null, null, '1', null, '0', '2020-01-10 09:44:49');
INSERT INTO `pet_user` VALUES ('27', 't', 'Tiffany_Shan', 'otIY-5VdEPXJO1mI0zT3KmloWChs', 'https://wx.qlogo.cn/mmopen/vi_32/DYAIOgq83eopnqqbU1e40FA4hDNIgr1icrkLFhyQh7XOpa12YYVpL8g1Nlwsca1yG7r3UqXcAQt6AhrGt2QXibkQ/132', null, null, '2020-01-10 15:51:19', null, '0', null, null, null, null, '5.0', null, null, null, null, '2', null, '0', '2020-01-10 15:51:19');
INSERT INTO `pet_user` VALUES ('32', 'j', 'jary ?', 'otIY-5cD9gLRavSgWF_YIS1sCpAY', 'https://wx.qlogo.cn/mmopen/vi_32/Q0j4TwGTfTLDVQKU5g7ic2YkDX2OPKb0DE3z3icGC8nEsI8184faEs4RTBI2T9LqU8cbzKE5lBXqialcvXn3lbqqQ/132', null, '江苏省,南京市,浦口区', '2020-02-04 12:54:34', null, '3', '0', '0', '1', '200', '0.0', null, null, null, '400', '1', '1992-07-21 00:00:00', '0', '2020-02-04 12:54:34');

-- ----------------------------
-- Table structure for pet_user_comment
-- ----------------------------
DROP TABLE IF EXISTS `pet_user_comment`;
CREATE TABLE `pet_user_comment` (
  `id` int(11) NOT NULL AUTO_INCREMENT,
  `open_id` varchar(50) DEFAULT NULL,
  `comment_open_id` varchar(50) DEFAULT NULL,
  `comment_info` varchar(255) DEFAULT NULL,
  `comment_level` decimal(2,1) DEFAULT NULL,
  `create_time` datetime DEFAULT NULL,
  PRIMARY KEY (`id`)
) ENGINE=InnoDB AUTO_INCREMENT=5 DEFAULT CHARSET=utf8;

-- ----------------------------
-- Records of pet_user_comment
-- ----------------------------
INSERT INTO `pet_user_comment` VALUES ('1', 'otIY-5cD9gLRavSgWF_YIS1sCpAY', 'otIY-5SRONtX8J6eBbwdoi1OYAK4', '美短好可爱啊', '5.0', '2019-12-05 14:22:55');
INSERT INTO `pet_user_comment` VALUES ('2', 'otIY-5cD9gLRavSgWF_YIS1sCpAY', 'otIY-5SRONtX8J6eBbwdoi1OYAK4', '猫很可爱', '4.0', '2019-12-04 14:22:50');
INSERT INTO `pet_user_comment` VALUES ('3', 'otIY-5cD9gLRavSgWF_YIS1sCpAY', 'otIY-5Z9T6Ht2nIIT7eZgr7DY4lI', '人很好，让撸猫', '5.0', '2019-12-05 14:22:42');
INSERT INTO `pet_user_comment` VALUES ('4', 'otIY-5cD9gLRavSgWF_YIS1sCpAY', 'otIY-5UYqY6dFhhMhvaDsTQXwnfo', '非常棒', '3.5', '2019-12-06 14:22:35');

-- ----------------------------
-- Table structure for shop_order
-- ----------------------------
DROP TABLE IF EXISTS `shop_order`;
CREATE TABLE `shop_order` (
  `id` int(11) NOT NULL AUTO_INCREMENT,
  `order_no` varchar(50) DEFAULT NULL,
  `open_id` varchar(50) DEFAULT NULL,
  `nick_name` varchar(50) CHARACTER SET utf8mb4 DEFAULT NULL,
  `address_id` int(10) DEFAULT NULL,
  `address` varchar(50) DEFAULT NULL,
  `user_phone` varchar(11) DEFAULT NULL,
  `link_name` varchar(20) DEFAULT NULL,
  `delivery_type` int(1) DEFAULT NULL COMMENT '配送方式（1 快递  2 货到付款）',
  `remark` varchar(255) DEFAULT NULL,
  `coupon_id` int(11) DEFAULT NULL,
  `coupon_price` decimal(10,2) DEFAULT '0.00' COMMENT '优惠券价格',
  `good_count` int(10) DEFAULT NULL,
  `order_price` decimal(10,2) DEFAULT '0.00' COMMENT '订单总价',
  `express_price` decimal(10,2) DEFAULT '0.00' COMMENT '快递费',
  `pay_price` decimal(10,2) DEFAULT '0.00' COMMENT '最终付款价格',
  `order_status` varchar(5) DEFAULT NULL COMMENT '订单状态（101 待支付  102 已支付  103 支付失败  104 退款中 105 已退款  201 已取消  202 已退货  203 申诉中   303 待发货  304 已发货 305 已确认收货完成订单 ）',
  `create_time` datetime DEFAULT NULL,
  `pay_time` datetime DEFAULT NULL,
  PRIMARY KEY (`id`)
) ENGINE=InnoDB AUTO_INCREMENT=18 DEFAULT CHARSET=utf8;

-- ----------------------------
-- Records of shop_order
-- ----------------------------
INSERT INTO `shop_order` VALUES ('2', 'YC20191026000011', 'otIY-5cD9gLRavSgWF_YIS1sCpAY', null, null, '江苏省南京市浦口区威尼斯水城八街区21栋1单元601室', '13585101636', '郭亚鹏', '1', '测试', '2', '200.00', '1', '150.00', '0.00', '0.10', '102', '2019-10-26 21:24:26', '2019-10-26 21:24:25');
INSERT INTO `shop_order` VALUES ('3', 'YC20191026000012', 'otIY-5cD9gLRavSgWF_YIS1sCpAY', null, null, '江苏省南京市浦口区威尼斯水城八街区21栋1单元601室', '13585101636', '郭亚鹏', '1', '发货快点', '2', '200.00', '3', '650.00', '0.00', '450.00', '103', '2019-10-26 23:33:38', '2019-10-26 23:33:38');
INSERT INTO `shop_order` VALUES ('4', 'YC20191027000001', 'otIY-5cD9gLRavSgWF_YIS1sCpAY', null, null, '江苏省南京市浦口区威尼斯水城八街区21栋1单元601室', '13585101636', '郭亚鹏', '1', '测试', '-1', null, '3', '450.00', '0.00', '0.00', '101', '2019-10-27 18:59:24', '2019-10-27 18:59:24');
INSERT INTO `shop_order` VALUES ('5', 'YC20191027000002', 'otIY-5cD9gLRavSgWF_YIS1sCpAY', null, null, '江苏省南京市浦口区威尼斯水城八街区21栋1单元601室', '13585101636', '郭亚鹏', '1', '', '-1', null, '3', '450.00', '0.00', '0.00', '101', '2019-10-27 19:00:36', '2019-10-27 19:00:36');
INSERT INTO `shop_order` VALUES ('6', 'YC20191027000003', 'otIY-5cD9gLRavSgWF_YIS1sCpAY', null, null, '江苏省南京市浦口区威尼斯水城八街区21栋1单元601室', '13585101636', '郭亚鹏', '1', '', '-1', null, '3', '450.00', '0.00', '0.00', '303', '2019-10-27 19:16:10', '2019-10-27 19:16:10');
INSERT INTO `shop_order` VALUES ('7', 'YC20191027000004', 'otIY-5cD9gLRavSgWF_YIS1sCpAY', null, null, '江苏省南京市浦口区威尼斯水城八街区21栋1单元601室', '13585101636', '郭亚鹏', '1', '', '-1', null, '3', '450.00', '0.00', '0.00', '101', '2019-10-27 19:16:57', '2019-10-27 19:16:57');
INSERT INTO `shop_order` VALUES ('8', 'YC20191027000005', 'otIY-5cD9gLRavSgWF_YIS1sCpAY', null, null, '江苏省南京市浦口区威尼斯水城八街区21栋1单元601室', '13585101636', '郭亚鹏', '1', '', '-1', null, '3', '450.00', '0.00', '0.00', '304', '2019-10-27 19:20:49', '2019-10-27 19:20:49');
INSERT INTO `shop_order` VALUES ('9', 'YC20191027000006', 'otIY-5cD9gLRavSgWF_YIS1sCpAY', null, null, '江苏省南京市浦口区威尼斯水城八街区21栋1单元601室', '13585101636', '郭亚鹏', '1', '', '-1', null, '1', '200.00', '0.00', '0.00', '305', '2019-10-27 19:21:12', '2019-10-27 19:21:12');
INSERT INTO `shop_order` VALUES ('10', 'YC20191027000007', 'otIY-5cD9gLRavSgWF_YIS1sCpAY', null, null, '江苏省南京市浦口区威尼斯水城八街区21栋1单元601室', '13585101636', '郭亚鹏', '1', '', '2', '200.00', '3', '450.00', '0.00', '250.00', '101', '2019-10-27 19:31:58', '2019-10-27 19:31:58');
INSERT INTO `shop_order` VALUES ('11', 'YC20191027000008', 'otIY-5cD9gLRavSgWF_YIS1sCpAY', null, null, '江苏省南京市浦口区威尼斯水城八街区21栋1单元601室', '13585101636', '郭亚鹏', '1', '', '-1', null, '3', '450.00', '0.00', '0.00', '101', '2019-10-27 19:38:57', '2019-10-27 19:38:57');
INSERT INTO `shop_order` VALUES ('12', 'YC20191027000009', 'otIY-5cD9gLRavSgWF_YIS1sCpAY', null, null, '江苏省南京市浦口区威尼斯水城八街区21栋1单元601室', '13585101636', '郭亚鹏', '1', '', '-1', null, '3', '450.00', '0.00', '0.00', '101', '2019-10-27 19:41:21', '2019-10-27 19:41:21');
INSERT INTO `shop_order` VALUES ('13', 'YC20200103000001', 'otIY-5cD9gLRavSgWF_YIS1sCpAY', null, null, '江苏省南京市浦口区威尼斯水城八街区21栋1单元601室', '13585101636', '郭亚鹏', '1', '', '-1', null, '0', '0.00', '0.00', '0.00', '101', '2020-01-03 11:49:49', '2020-01-03 11:49:49');
INSERT INTO `shop_order` VALUES ('14', 'YC20200103000002', 'otIY-5cD9gLRavSgWF_YIS1sCpAY', null, null, '江苏省南京市浦口区威尼斯水城八街区21栋1单元601室', '13585101636', '郭亚鹏', '1', '', '-1', null, '0', '0.00', '0.00', '0.00', '101', '2020-01-03 11:49:58', '2020-01-03 11:49:58');
INSERT INTO `shop_order` VALUES ('15', 'YC20200106000001', 'otIY-5cD9gLRavSgWF_YIS1sCpAY', null, null, '江苏省南京市市辖区浦口区威尼斯水城(第八街区)', '13585101636', '郭亚鹏', '1', '', '-1', null, '0', '0.00', '0.00', '0.00', '101', '2020-01-06 20:00:06', '2020-01-06 20:00:06');
INSERT INTO `shop_order` VALUES ('16', 'YC20200109000001', 'otIY-5cD9gLRavSgWF_YIS1sCpAY', null, null, '江苏省南京市市辖区浦口区威尼斯水城(第八街区)', '13585101636', '郭亚鹏', '1', '', '-1', null, '0', '0.00', '0.00', '0.00', '101', '2020-01-09 19:22:57', '2020-01-09 19:22:57');
INSERT INTO `shop_order` VALUES ('17', 'YC20200109000002', 'otIY-5cD9gLRavSgWF_YIS1sCpAY', null, null, '江苏省南京市市辖区浦口区威尼斯水城(第八街区)', '13585101636', '郭亚鹏', '1', '', '-1', null, '0', '0.00', '0.00', '0.00', '101', '2020-01-09 19:27:32', '2020-01-09 19:27:32');

-- ----------------------------
-- Table structure for shop_order_item
-- ----------------------------
DROP TABLE IF EXISTS `shop_order_item`;
CREATE TABLE `shop_order_item` (
  `id` int(11) NOT NULL AUTO_INCREMENT,
  `order_no` varchar(50) DEFAULT NULL,
  `order_item_no` varchar(50) DEFAULT NULL,
  `order_good_name` varchar(100) DEFAULT NULL,
  `order_good_price` decimal(10,2) DEFAULT NULL,
  `order_good_count` int(10) DEFAULT NULL,
  `create_time` datetime DEFAULT NULL,
  PRIMARY KEY (`id`)
) ENGINE=InnoDB AUTO_INCREMENT=13 DEFAULT CHARSET=utf8;

-- ----------------------------
-- Records of shop_order_item
-- ----------------------------
INSERT INTO `shop_order_item` VALUES ('1', 'YC20191026000011', 'YC20191026000011_12312111112311123', '波奇网伟嘉成猫猫粮10kg田园猫维嘉猫咪食品猫食猫干粮猫主粮20斤\r\n波奇网伟嘉成猫猫粮10kg田园猫维嘉猫咪食品猫食猫干粮猫主粮20斤', '150.00', '1', '2019-10-26 21:24:19');
INSERT INTO `shop_order_item` VALUES ('2', 'YC20191026000012', 'YC20191026000012_12312111112311123', '波奇网伟嘉成猫猫粮10kg田园猫维嘉猫咪食品猫食猫干粮猫主粮20斤\r\n波奇网伟嘉成猫猫粮10kg田园猫维嘉猫咪食品猫食猫干粮猫主粮20斤', '150.00', '3', '2019-10-26 23:33:13');
INSERT INTO `shop_order_item` VALUES ('3', 'YC20191026000012', 'YC20191026000012_12313131222432131', '猫背包', '200.00', '1', '2019-10-26 23:33:19');
INSERT INTO `shop_order_item` VALUES ('4', 'YC20191027000001', 'YC20191027000001_12312111112311123', '波奇网伟嘉成猫猫粮10kg田园猫维嘉猫咪食品猫食猫干粮猫主粮20斤\r\n波奇网伟嘉成猫猫粮10kg田园猫维嘉猫咪食品猫食猫干粮猫主粮20斤', '150.00', '3', '2019-10-27 18:59:24');
INSERT INTO `shop_order_item` VALUES ('5', 'YC20191027000002', 'YC20191027000002_12312111112311123', '波奇网伟嘉成猫猫粮10kg田园猫维嘉猫咪食品猫食猫干粮猫主粮20斤\r\n波奇网伟嘉成猫猫粮10kg田园猫维嘉猫咪食品猫食猫干粮猫主粮20斤', '150.00', '3', '2019-10-27 19:00:36');
INSERT INTO `shop_order_item` VALUES ('6', 'YC20191027000003', 'YC20191027000003_12312111112311123', '波奇网伟嘉成猫猫粮10kg田园猫维嘉猫咪食品猫食猫干粮猫主粮20斤\r\n波奇网伟嘉成猫猫粮10kg田园猫维嘉猫咪食品猫食猫干粮猫主粮20斤', '150.00', '3', '2019-10-27 19:16:10');
INSERT INTO `shop_order_item` VALUES ('7', 'YC20191027000004', 'YC20191027000004_12312111112311123', '波奇网伟嘉成猫猫粮10kg田园猫维嘉猫咪食品猫食猫干粮猫主粮20斤\r\n波奇网伟嘉成猫猫粮10kg田园猫维嘉猫咪食品猫食猫干粮猫主粮20斤', '150.00', '3', '2019-10-27 19:16:57');
INSERT INTO `shop_order_item` VALUES ('8', 'YC20191027000005', 'YC20191027000005_12312111112311123', '波奇网伟嘉成猫猫粮10kg田园猫维嘉猫咪食品猫食猫干粮猫主粮20斤\r\n波奇网伟嘉成猫猫粮10kg田园猫维嘉猫咪食品猫食猫干粮猫主粮20斤', '150.00', '3', '2019-10-27 19:20:49');
INSERT INTO `shop_order_item` VALUES ('9', 'YC20191027000006', 'YC20191027000006_12313131222432131', '猫背包', '200.00', '1', '2019-10-27 19:21:12');
INSERT INTO `shop_order_item` VALUES ('10', 'YC20191027000007', 'YC20191027000007_12312111112311123', '波奇网伟嘉成猫猫粮10kg田园猫维嘉猫咪食品猫食猫干粮猫主粮20斤\r\n波奇网伟嘉成猫猫粮10kg田园猫维嘉猫咪食品猫食猫干粮猫主粮20斤', '150.00', '3', '2019-10-27 19:31:58');
INSERT INTO `shop_order_item` VALUES ('11', 'YC20191027000008', 'YC20191027000008_12312111112311123', '波奇网伟嘉成猫猫粮10kg田园猫维嘉猫咪食品猫食猫干粮猫主粮20斤\r\n波奇网伟嘉成猫猫粮10kg田园猫维嘉猫咪食品猫食猫干粮猫主粮20斤', '150.00', '3', '2019-10-27 19:38:57');
INSERT INTO `shop_order_item` VALUES ('12', 'YC20191027000009', 'YC20191027000009_12312111112311123', '波奇网伟嘉成猫猫粮10kg田园猫维嘉猫咪食品猫食猫干粮猫主粮20斤\r\n波奇网伟嘉成猫猫粮10kg田园猫维嘉猫咪食品猫食猫干粮猫主粮20斤', '150.00', '3', '2019-10-27 19:41:21');

-- ----------------------------
-- Table structure for task_finish
-- ----------------------------
DROP TABLE IF EXISTS `task_finish`;
CREATE TABLE `task_finish` (
  `id` int(50) NOT NULL AUTO_INCREMENT,
  `open_id` varchar(50) DEFAULT NULL,
  `task_id` int(50) DEFAULT NULL,
  `is_finish` int(1) DEFAULT NULL,
  `is_verify` int(1) DEFAULT NULL,
  `finish_time` datetime DEFAULT NULL,
  PRIMARY KEY (`id`)
) ENGINE=InnoDB DEFAULT CHARSET=utf8mb4;

-- ----------------------------
-- Records of task_finish
-- ----------------------------

-- ----------------------------
-- Table structure for theme
-- ----------------------------
DROP TABLE IF EXISTS `theme`;
CREATE TABLE `theme` (
  `id` int(100) NOT NULL AUTO_INCREMENT,
  `theme_name` varchar(20) DEFAULT NULL,
  `img_url` varchar(80) DEFAULT NULL,
  `join_people` int(20) DEFAULT NULL,
  `descript` varchar(100) DEFAULT NULL,
  `is_hot` int(2) DEFAULT NULL,
  PRIMARY KEY (`id`)
) ENGINE=InnoDB AUTO_INCREMENT=5 DEFAULT CHARSET=utf8;

-- ----------------------------
-- Records of theme
-- ----------------------------
INSERT INTO `theme` VALUES ('1', '家有萌宠', null, '1000', '家里有猫狗的 一起来爆照', '1');
INSERT INTO `theme` VALUES ('2', '猫狗大作战', null, '200', '猫狗大作战', '1');
INSERT INTO `theme` VALUES ('3', '黑猫警长', null, '200', '一只黑色的猫', '0');
INSERT INTO `theme` VALUES ('4', '布偶', null, '100', '布偶猫', '0');

-- ----------------------------
-- Table structure for topic_collect
-- ----------------------------
DROP TABLE IF EXISTS `topic_collect`;
CREATE TABLE `topic_collect` (
  `id` int(20) NOT NULL AUTO_INCREMENT,
  `community_id` int(20) DEFAULT NULL,
  `open_id` varchar(50) DEFAULT NULL,
  `collectAt` datetime DEFAULT NULL,
  PRIMARY KEY (`id`)
) ENGINE=InnoDB AUTO_INCREMENT=2 DEFAULT CHARSET=utf8;

-- ----------------------------
-- Records of topic_collect
-- ----------------------------
INSERT INTO `topic_collect` VALUES ('1', '1', 'otIY-5cD9gLRavSgWF_YIS1sCpAY1', '2019-07-18 21:17:17');

-- ----------------------------
-- Table structure for user_address
-- ----------------------------
DROP TABLE IF EXISTS `user_address`;
CREATE TABLE `user_address` (
  `id` int(11) NOT NULL AUTO_INCREMENT,
  `open_id` varchar(50) DEFAULT NULL,
  `address` varchar(50) DEFAULT NULL,
  `phone` varchar(12) DEFAULT NULL,
  `user_name` varchar(10) DEFAULT NULL,
  `is_default` int(1) DEFAULT NULL,
  `province` varchar(10) DEFAULT NULL,
  `city` varchar(10) DEFAULT NULL,
  `district` varchar(10) DEFAULT NULL,
  `code` varchar(10) DEFAULT NULL,
  PRIMARY KEY (`id`)
) ENGINE=InnoDB AUTO_INCREMENT=6 DEFAULT CHARSET=utf8;

-- ----------------------------
-- Records of user_address
-- ----------------------------
INSERT INTO `user_address` VALUES ('2', 'otIY-5cD9gLRavSgWF_YIS1sCpAY', '北外滩水城八街区21栋1单元601室', '13585101636', '郭亚鹏', '0', '320000', '320100', '320111', '210000');
INSERT INTO `user_address` VALUES ('3', 'otIY-5cD9gLRavSgWF_YIS1sCpAY', '威尼斯水城八街区21栋1单元601室', '13585101636', '郭亚鹏', '1', '江苏省', '南京市', '浦口区', '21000');
INSERT INTO `user_address` VALUES ('4', 'otIY-5cD9gLRavSgWF_YIS1sCpAY', '新港中路397号', '020-8116788', '张三', '0', '广东省', '广州市', '市辖区', '510000');
INSERT INTO `user_address` VALUES ('5', 'otIY-5cD9gLRavSgWF_YIS1sCpAY', '浦口区威尼斯水城(第八街区)', '13585101636', '郭亚鹏', '0', '江苏省', '南京市', '市辖区', '211800');

-- ----------------------------
-- Table structure for user_asset
-- ----------------------------
DROP TABLE IF EXISTS `user_asset`;
CREATE TABLE `user_asset` (
  `id` int(11) NOT NULL AUTO_INCREMENT,
  `open_id` varchar(50) DEFAULT NULL,
  `free_money` decimal(10,2) DEFAULT '0.00',
  `unfree_money` decimal(10,2) DEFAULT '0.00',
  `pet_coins` int(50) DEFAULT '0',
  `create_time` datetime NOT NULL,
  PRIMARY KEY (`id`)
) ENGINE=InnoDB AUTO_INCREMENT=11 DEFAULT CHARSET=utf8mb4;

-- ----------------------------
-- Records of user_asset
-- ----------------------------
INSERT INTO `user_asset` VALUES ('10', 'otIY-5cD9gLRavSgWF_YIS1sCpAY', '1000.00', '200.00', '2410', '2020-02-04 12:54:45');

-- ----------------------------
-- Table structure for user_asset_change_record
-- ----------------------------
DROP TABLE IF EXISTS `user_asset_change_record`;
CREATE TABLE `user_asset_change_record` (
  `id` int(50) NOT NULL AUTO_INCREMENT,
  `asset_type` int(1) DEFAULT NULL,
  `asset_change_money` decimal(10,2) DEFAULT NULL,
  `asset_change_coins` int(50) DEFAULT NULL,
  `asset_change_type` int(1) DEFAULT NULL,
  `asset_change_title` varchar(100) DEFAULT NULL,
  `asset_change_desc` varchar(100) DEFAULT NULL,
  `open_id` varchar(50) DEFAULT NULL,
  `create_time` datetime DEFAULT NULL,
  PRIMARY KEY (`id`)
) ENGINE=InnoDB AUTO_INCREMENT=11 DEFAULT CHARSET=utf8mb4;

-- ----------------------------
-- Records of user_asset_change_record
-- ----------------------------
INSERT INTO `user_asset_change_record` VALUES ('1', '1', '100.00', '0', '1', '余额充值', '用户充值100元', 'otIY-5cD9gLRavSgWF_YIS1sCpAY', '2020-02-04 13:22:37');
INSERT INTO `user_asset_change_record` VALUES ('2', '1', '200.00', '0', '2', '押金', '监控执法仪押金200元', 'otIY-5cD9gLRavSgWF_YIS1sCpAY', '2020-02-04 13:23:09');
INSERT INTO `user_asset_change_record` VALUES ('3', '2', '0.00', '1000', '1', '服务订单', '完成20次服务订单', 'otIY-5cD9gLRavSgWF_YIS1sCpAY', '2020-02-04 13:24:02');
INSERT INTO `user_asset_change_record` VALUES ('4', '2', '0.00', '200', '1', '活动赠送', '活动赠送', 'otIY-5cD9gLRavSgWF_YIS1sCpAY', '2020-02-03 13:33:14');
INSERT INTO `user_asset_change_record` VALUES ('5', '2', '0.00', '10', '1', '每日签到', '每日签到 +10个', 'otIY-5cD9gLRavSgWF_YIS1sCpAY', '2020-02-01 13:36:09');
INSERT INTO `user_asset_change_record` VALUES ('6', '2', '0.00', '10', '1', '每日签到', '每日签到 +10个', 'otIY-5cD9gLRavSgWF_YIS1sCpAY', '2020-02-02 13:36:39');
INSERT INTO `user_asset_change_record` VALUES ('7', '2', '0.00', '300', '2', '订单抵扣', '上门服务抵扣 -300个', 'otIY-5cD9gLRavSgWF_YIS1sCpAY', '2020-02-03 13:37:51');
INSERT INTO `user_asset_change_record` VALUES ('8', '2', '0.00', '10', '1', '每日签到', '每日签到 +10', 'otIY-5cD9gLRavSgWF_YIS1sCpAY', '2020-02-06 11:36:07');
INSERT INTO `user_asset_change_record` VALUES ('9', '2', '0.00', '10', '1', '每日签到', '每日签到 +10', 'otIY-5cD9gLRavSgWF_YIS1sCpAY', '2020-02-06 11:36:50');
INSERT INTO `user_asset_change_record` VALUES ('10', '2', '0.00', '10', '1', '每日签到', '每日签到 +10', 'otIY-5cD9gLRavSgWF_YIS1sCpAY', '2020-02-06 15:42:32');

-- ----------------------------
-- Table structure for user_auth
-- ----------------------------
DROP TABLE IF EXISTS `user_auth`;
CREATE TABLE `user_auth` (
  `id` int(50) NOT NULL AUTO_INCREMENT,
  `open_id` varchar(50) CHARACTER SET utf8mb4 DEFAULT NULL,
  `auth_name` varchar(50) CHARACTER SET utf8mb4 DEFAULT NULL,
  `identity_card` varchar(50) CHARACTER SET utf8mb4 DEFAULT NULL,
  `identity_card_imgs` varchar(255) CHARACTER SET utf8mb4 DEFAULT NULL,
  `auth_phone` varchar(12) CHARACTER SET utf8mb4 DEFAULT NULL,
  `is_verify` int(1) DEFAULT NULL,
  `verify_result` varchar(255) COLLATE utf8mb4_unicode_ci DEFAULT NULL,
  `verify_time` datetime DEFAULT NULL,
  `create_time` datetime DEFAULT NULL,
  PRIMARY KEY (`id`)
) ENGINE=InnoDB AUTO_INCREMENT=11 DEFAULT CHARSET=utf8mb4 COLLATE=utf8mb4_unicode_ci;

-- ----------------------------
-- Records of user_auth
-- ----------------------------
INSERT INTO `user_auth` VALUES ('9', 'otIY-5cD9gLRavSgWF_YIS1sCpAY', '郭亚鹏', '321283199207211015', '786f73f6-65bd-4b33-8fee-9fe8b4aa9960.jpg;bb26b339-794c-423b-917d-cbe785a73dd4.jpg;', '13585101636', '0', '身份证信息与本人不符', '2020-02-07 16:31:01', '2020-02-07 14:58:47');

-- ----------------------------
-- Table structure for user_coupons
-- ----------------------------
DROP TABLE IF EXISTS `user_coupons`;
CREATE TABLE `user_coupons` (
  `id` int(11) NOT NULL AUTO_INCREMENT,
  `open_id` varchar(50) DEFAULT NULL,
  `coupons_id` int(20) DEFAULT NULL,
  `coupons_title` varchar(255) DEFAULT NULL,
  `coupons_price` decimal(5,0) DEFAULT NULL,
  `coupons_condition` varchar(20) DEFAULT NULL,
  `coupons_vaild_day` int(5) DEFAULT NULL,
  `coupons_type` int(1) DEFAULT NULL,
  `valid_start_time` datetime DEFAULT NULL,
  `valid_end_time` datetime DEFAULT NULL,
  `create_time` datetime DEFAULT NULL,
  `status` int(2) DEFAULT NULL COMMENT '状态（0、未使用 1、已使用 2、已失效）',
  PRIMARY KEY (`id`)
) ENGINE=InnoDB AUTO_INCREMENT=15 DEFAULT CHARSET=utf8;

-- ----------------------------
-- Records of user_coupons
-- ----------------------------
INSERT INTO `user_coupons` VALUES ('13', 'otIY-5cD9gLRavSgWF_YIS1sCpAY', '4', '家庭寄养50元优惠券', '50', '200', '10', '2', '2020-02-03 14:11:13', '2020-02-03 14:11:25', '2020-02-03 14:11:18', '0');
INSERT INTO `user_coupons` VALUES ('14', 'otIY-5cD9gLRavSgWF_YIS1sCpAY', '5', '上门服务10元优惠券', '10', '100', '10', '3', '2020-02-03 14:12:30', '2020-03-01 14:12:37', '2020-02-03 14:12:34', '0');

-- ----------------------------
-- Table structure for user_day_sign
-- ----------------------------
DROP TABLE IF EXISTS `user_day_sign`;
CREATE TABLE `user_day_sign` (
  `id` int(11) NOT NULL AUTO_INCREMENT,
  `open_id` varchar(50) DEFAULT NULL,
  `sign_time` datetime DEFAULT NULL,
  PRIMARY KEY (`id`)
) ENGINE=InnoDB AUTO_INCREMENT=14 DEFAULT CHARSET=utf8mb4;

-- ----------------------------
-- Records of user_day_sign
-- ----------------------------
INSERT INTO `user_day_sign` VALUES ('4', 'otIY-5cD9gLRavSgWF_YIS1sCpAY', '2020-02-04 03:09:00');
INSERT INTO `user_day_sign` VALUES ('6', 'otIY-5cD9gLRavSgWF_YIS1sCpAY', '2020-02-05 03:11:02');
INSERT INTO `user_day_sign` VALUES ('12', 'otIY-5cD9gLRavSgWF_YIS1sCpAY', '2020-02-06 15:42:32');
INSERT INTO `user_day_sign` VALUES ('13', 'otIY-5cD9gLRavSgWF_YIS1sCpAY', '2020-02-07 02:31:22');

-- ----------------------------
-- Table structure for user_friend
-- ----------------------------
DROP TABLE IF EXISTS `user_friend`;
CREATE TABLE `user_friend` (
  `id` int(100) NOT NULL AUTO_INCREMENT,
  `open_id` varchar(50) DEFAULT NULL,
  `friend_open_id` varchar(50) DEFAULT NULL,
  `type` int(2) DEFAULT NULL,
  `create_time` datetime NOT NULL,
  PRIMARY KEY (`id`)
) ENGINE=InnoDB AUTO_INCREMENT=5 DEFAULT CHARSET=utf8;

-- ----------------------------
-- Records of user_friend
-- ----------------------------
INSERT INTO `user_friend` VALUES ('1', 'otIY-5cD9gLRavSgWF_YIS1sCpAY', 'otIY-5SRONtX8J6eBbwdoi1OYAK4', '1', '2019-09-10 15:57:05');
INSERT INTO `user_friend` VALUES ('2', 'otIY-5cD9gLRavSgWF_YIS1sCpAY', 'otIY-5Z9T6Ht2nIIT7eZgr7DY4lI', '1', '2019-09-10 15:57:22');
INSERT INTO `user_friend` VALUES ('3', 'otIY-5cD9gLRavSgWF_YIS1sCpAY', 'otIY-5UYqY6dFhhMhvaDsTQXwnfo', '1', '2019-09-11 09:53:12');
INSERT INTO `user_friend` VALUES ('4', 'otIY-5cD9gLRavSgWF_YIS1sCpAY', 'otIY-5ZgfU3y01vlHpuIqatY2G08', '1', '2019-12-13 14:22:02');

-- ----------------------------
-- Table structure for user_pet_info
-- ----------------------------
DROP TABLE IF EXISTS `user_pet_info`;
CREATE TABLE `user_pet_info` (
  `id` int(11) NOT NULL AUTO_INCREMENT,
  `open_id` varchar(50) DEFAULT NULL,
  `name` varchar(20) DEFAULT NULL,
  `pet_imgs` varchar(255) DEFAULT NULL,
  `pet_imgs_show` varchar(100) DEFAULT NULL,
  `birthday` datetime DEFAULT NULL,
  `sex` int(2) DEFAULT NULL,
  `breed_type` int(2) DEFAULT NULL,
  `breed_name` varchar(20) DEFAULT NULL,
  `sick_desc` varchar(255) DEFAULT NULL,
  `is_sickness` int(2) DEFAULT NULL,
  `reply_count` int(50) DEFAULT '0',
  `visit_count` int(50) DEFAULT '0',
  `zan_count` int(50) DEFAULT '0',
  `descript` varchar(255) DEFAULT NULL,
  PRIMARY KEY (`id`)
) ENGINE=InnoDB AUTO_INCREMENT=8 DEFAULT CHARSET=utf8mb4;

-- ----------------------------
-- Records of user_pet_info
-- ----------------------------
INSERT INTO `user_pet_info` VALUES ('4', 'otIY-5cD9gLRavSgWF_YIS1sCpAY', '小妖', 'ca17bfba-076d-4dea-9e7a-cb38ffba9330.jpg;5106d9f3-4dd0-4ea2-8a57-96eaddd986af.jpg;3dcfd99c-cfc0-4f45-b69f-58c7043dba45.jpg;c91884ed-4ad7-408a-b614-8aa5d69bf986.jpg;', '3dcfd99c-cfc0-4f45-b69f-58c7043dba45.jpg', '2019-01-25 00:00:00', '1', '0', '布偶猫', '猫藓  生病中', '1', null, null, null, '很听话');
